"Pesticide","Year Updated","CAS number","AcuteA","ChronicB","AcuteA","ChronicB","AcuteC","ChronicD","AcuteC","ChronicD","IC50E","NOAEC","IC50F","NOAEC","Acute","Chronic"
"1,2-Benzisoenazol-3(2H)-one, 2-butyl (BBIT)","2021","4299-07-4","270","280","6100"," ","750","910","23.5"," ","19","2.6","930H","88"," "," "
"1,2-benzisothiazolin-3-one (BIT)","2021","2634-33-5","270","280"," "," ","750","910"," "," ","19"," ","930H"," "," "," "
"1,3-PAD","2022","2372-82-9","225"," ","2300"," ","36.5"," ","750"," ","15","9.8","170","38"," "," "
"1-Naphthalene acetic acid (NAA)","2021","86-87-3","14000","1200"," "," ","90000","11000"," "," ","6100"," ","4200"," "," "," "
"1-Naphthalene acetic acid ammonium salt","2021","25545-89-5","14000","1200"," "," ","90000","11000"," "," ","6100"," ","4200"," "," "," "
"1-Naphthalene acetic acid potassium salt","2021","15165-79-4","14000","1200"," "," ","90000","11000"," "," ","6100"," ","4200"," "," "," "
"1-Naphthaleneacetamide (NAD)","2021","86-86-2","14000","1200","12000"," ","90000","11000","6500"," ","6100"," ","4200"," "," "," "
"1-Naphthaleneacetic Acid Ethyl Ester (NAA Ester)","2021","2122-70-5","14000","1200"," "," ","90000","11000"," "," ","6100"," ","4200"," "," "," "
"2,4-D acids and salts","2016","NR","> 40800","23600"," "," ","12500","16050"," "," ","3880"," ","299.2"," "," "," "
"2,4-D esters","2016","NR","130","79.2"," "," ","1100","200"," "," ","152"," ","330"," "," "," "
"2,4-D, 2-ethylhexyl ester","2016","1928-43-4"," ","79.2"," "," ","1700"," "," "," ","152"," ","330"," "," "," "
"2,4-D, Butcarethyl ester","2016","1929-73-3","214"," "," "," "," ","200"," "," "," "," "," "," "," "," "
"2,4-D, Diethanolamine salt","2016","5742-19-8","> 40800"," "," "," "," ","16050"," "," "," "," ","299.2"," "," "," "
"2,4-D, Dimethylamine salt","2016","2008-39-1"," ","23600"," "," "," "," "," "," ","3880"," "," "," "," "," "
"2,4-D, Isopropyl ester","2016","94-11-1","130"," "," "," ","1100"," "," "," "," "," "," "," "," "," "
"2,4-DB-DMAS","2020","2758-42-1","7150","1660"," "," ","12500","1500"," "," ","932"," ","83"," "," "," "
"2,4-DB","2020","94-82-6","7150","1660"," "," ","12500","1500"," "," ","932"," ","83"," "," "," "
"2,4-D","2016","94-75-7"," "," "," "," ","12500"," "," "," "," "," ","299.2"," "," "," "
"3-iodo-2-propynl butyl carbamate (IPBC)","2025","55406-53-6","33.5","3","209"," ","80","< 3","11.7"," ","3.56","2.55","72.3","4.2"," "," "
"3-Trifluoromethyl-4-Nitrophenol (TFM)","2019","88-30-2","300","1790"," "," ","1900"," "," "," ","1200"," ","> 9770"," "," "," "
"4-aminopyridine","2021","504-24-5","1215"," "," "," ","185"," "," "," "," "," "," "," "," "," "
"Abamectin","2014","71751-41-2","1.6","0.52","7.5"," ","0.17"," ","0.01"," ","> 100000"," ","3900"," "," "," "
"Abscisic Acid","2023","21293-29-8","> 60500"," "," "," ","> 58000"," "," "," "," "," "," "," "," "," "
"Acephate"," ","30560-19-1","416000","5760","42500"," ","550","150","1900"," ","> 50000","5000"," "," "," "," "
"Acequinocyl","2022","57960-19-7","> 16500","2.7","95","6.7","2.6","0.98","0.47"," ","240"," ","> 11500"," "," "," "
"Acetaminophen","2024","103-90-2"," "," "," "," ","14750"," "," "," "," "," "," "," "," "," "
"Acetamiprid","2016","135410-20-7","> 50000","19200","50000"," ","10.5","2.1","33"," ","> 1000","1000","> 1000","1000"," "," "
"Acetic acid","2016","64-19-7","151500"," "," "," ","32500"," "," "," "," "," ","844300"," "," "," "
"Acetochlor degradate ethanesulfonic acid (ESA)","2022","187022-11-3","> 90000"," "," "," ","> 62500"," "," "," ","9900"," "," "," "," "," "
"Acetochlor","2022","34256-82-1","190","130","1050","740","4100","22.1","1100"," ","1.43","1","3.4","0.12"," "," "
"Acibenzolar","2019","135158-54-2","440","26","835","49","1450","48","295"," ","445","251","> 423","3.3"," "," "
"Acrolein","2023","107-02-8","3.5","11.4","120","16","< 15.5","7.1","27.5"," ","28","12","72","25","3","3"
"Afidopyropen","2019","915972-17-7","8590","300","15750","80","4450","0.123","2245"," ","2040","220","8740","3540"," "," "
"Alachlor ethane sulfonic acid","2016","NR","> 52000"," "," "," ","> 52000"," "," "," ","3600"," ","> 120000"," "," "," "
"Alachlor oxanilic acid","2016","NR","> 50000"," "," "," ","> 47500"," "," "," "," "," "," "," "," "," "
"Alachlor","2016","15972-60-8","900","187","1950","410","1250","110","1200"," ","1.64","0.035","2.3","0.339"," "," "
"Aldicarb degradate ""Aldicarb sulfone""","2019","1646-88-4","21000"," "," "," ","140"," "," "," "," "," "," "," "," "," "
"Aldicarb degradate ""Aldicarb sulfoxide""","2019","1646-87-3","3570"," "," "," ","21.5"," "," "," "," "," "," "," "," "," "
"Aldicarb","2019","116-06-3","26","0.46","20.5","50","10","1","6"," ","> 50000"," ","> 88700","5500"," "," "
"Aliphatic esters","2019","67762-39-4","4750"," "," "," ","850"," "," "," "," "," "," "," "," "," "
"Aliphatic Oils- 100 Paraffine Oil"," ","64742-54-7","> 50000"," "," "," ","205"," "," "," "," "," "," "," "," "," "
"Aliphatic Oils- 70 Orchard Spray"," ","64742-55-8"," "," "," "," ","1200"," "," "," "," "," "," "," "," "," "
"Aliphatic Oils- 90 Neutral Oil"," ","8012-95-1","> 50000"," "," "," ","10"," "," "," "," "," "," "," "," "," "
"Aliphatic Oils- GB-1111"," ","NR","> 60000"," "," "," ","50"," "," "," "," "," "," "," "," "," "
"Aliphatic Oils- N65DW"," ","NR","> 250000000"," "," "," "," "," "," "," "," "," "," "," "," "," "
"Aliphatic Oils- VHVI-4"," ","NR","> 38000"," "," "," ","< 450"," "," "," "," "," "," "," "," "," "
"Allethrin","2015","584-79-2","3.9"," "," "," ","1.05"," "," "," "," "," "," "," "," "," "
"Alpha-Chlorohydrin","2017","96-24-2","2103500"," "," "," ","486000"," "," "," "," "," "," "," "," "," "
"Alpha-cypermethrin degradate (3-phenoxybenzoic acid) 3-phenoxybenzoic acid","2014","NR","6650"," "," "," ","44500"," "," "," "," "," "," "," "," "," "
"Alpha-Cypermethrin","2021","67375-30-8","1.1","0.14","0.475","0.125","0.0018","0.00059","0.0027"," ","25000","60","> 1.62","1.62"," "," "
"Aluminum Phosphide","2014","20859-73-8"," "," "," "," "," "," "," "," "," "," "," "," "," "," "
"Ametoctradin","2023","865318-97-4","> 32.3","48","55"," ","> 77.5","44","47"," ","7.8"," ","132"," "," "," "
"Ametryn","2014","834-12-8","1800","700","2900"," ","14000","240","1150"," ","3.67","1.14","13","2"," "," "
"Amicarbazone","2021","129909-90-6","> 64250","7300","59000","2300","> 59500","730","54850"," ","17"," ","210"," "," "," "
"Aminocyclopyrachlor acid","2022","858956-08-8","> 60000","11000","64500"," ","19850","< 370"," "," ","7400","1100","> 122000","3750"," "," "
"Aminocyclopyrachlor ester","2022","NR","6500"," "," "," ","9950"," "," "," "," "," "," "," "," "," "
"Aminopyralid","2022","150114-71-9","> 50000","1360","60000","96","7500","102000","50000"," ","18000","6000","> 88000","44000"," "," "
"Amitraz BTS 27271","2016","NR","14200"," "," "," ","1295"," "," "," "," "," "," "," "," "," "
"Amitraz BTS 27919","2016","NR","33100"," "," "," ","> 50000"," "," "," "," "," "," "," "," "," "
"Amitraz","2016","33089-61-1","170","> 1.5","1200"," ","17.5","1.1","425"," "," "," "," "," "," "," "
"Ammonium Salts of Fatty Acids","2016","NR","6000"," "," "," ","13500","23000"," "," ","6600"," ","200000"," "," "," "
"Ancymidol","2016","12771-68-5","> 49600"," "," "," ","> 48200"," "," "," ","26900","13600","292","68.4"," "," "
"Anthraquinone"," ","84-65-1","> 75"," "," "," ","115.5","58"," "," ","20.8"," ","500"," "," "," "
"Antimycin A"," ","1397-94-0","0.0005"," "," "," ","0.004"," ","12"," "," "," "," "," "," "," "
"Aquashade","2017","1934-21-0","> 48000"," "," "," ","> 48500"," "," "," "," "," "," "," "," "," "
"Arsenic Acid","2014","7778-39-4","25000"," "," "," ","7500"," "," "," ","9.2"," ","> 9800"," "," "," "
"Arsenic Trioxide","2014","1327-53-3","12800"," "," "," "," "," "," "," "," "," "," "," "," "," "
"Asulam","2019","2302-17-2","> 87500","10900"," "," ","13550","36400","50000"," ","180","20","140","70"," "," "
"Atrazine","2016","1912-24-9","2650","5","1000","5","360","60","24"," ","< 1"," ","4.6"," "," "," "
"Azinphos methyl","2016","86-50-0","0.18","0.44","1","0.017","0.08","0.25","0.105"," "," "," "," "," "," ","0.01"
"Azoxystrobin","2016","131860-33-8","235","147","335"," ","130","44","650"," ","49","20","3400","800"," "," "
"Benfluralin","2016","1861-40-1","34.85","1.9","41.9"," ","1090","15.5","21.5"," ","> 100"," "," ","15"," "," "
"Bensulfuron-methyl","2018","83055-99-6"," "," "," "," "," "," "," "," ","7.8"," ","8.3"," "," "," "
"Bensulide","2016","741-58-2","550","169","280","36","290","11","31.2"," ","780","635","140","42"," "," "
"Bentazon, sodium salt","2016","50723-80-3","> 95000","9830"," "," ","31150","101200"," "," ","4500"," ","5350"," "," "," "
"Bentazon","2016","25057-89-0","95000","9830","95000"," ","31150","101200"," "," ","4500","900","5350","1530"," "," "
"Benzobicyclon degradate Metabolite B","2018","126656-88-0","> 240.5","2.3"," ","4770","> 62500","61700","1835"," "," "," "," "," "," "," "
"Benzobicyclon","2018","156963-66-5","> 240.5","19.2","235","132","> 184","83.8","155"," ","162","126","1.475","0.7"," "," "
"Benzovindiflupyr degradate M700F001","2016","NR","> 44050"," "," "," ","> 49100"," "," "," "," "," "," "," "," "," "
"Benzovindiflupyr degradate SYN546039","2016","NR","1250"," "," "," ","2725"," "," "," ","> 6400"," "," "," "," "," "
"Benzovindiflupyr","2016","1072957-71-1","1.75","0.95","14","5.66","42.5","5.6","23.5"," ","240","50","> 880","430"," "," "
"Benzyl Benzoate degradate Benzoic Acid","2024","65-85-0","700"," "," "," ","> 47950"," "," "," ","24800"," "," "," "," "," "
"Benzyl Benzoate degradate Sodium Benzoate","2024","532-32-1"," "," "," "," "," "," "," "," ","24800"," "," "," "," "," "
"Benzyl Benzoate","2024","120-51-4","700"," "," "," ","2400"," "," "," "," "," "," "," "," "," "
"Beta-Cyfluthrin","2021","1820573-27-0","0.034","0.0042"," "," ","0.145","0.003"," "," "," "," "," "," "," "," "
"Beta-Cypermethrin","2021","65731-84-2","0.195"," "," "," "," "," "," "," "," "," "," "," "," "," "
"Bicyclopyrone degradate CSAA589691 ((1S,3R)-cyclopentane-1,3-dicarboxylic acid)","2016","876-05-1"," "," "," "," "," "," "," "," "," "," ","> 90280"," "," "," "
"Bicyclopyrone degradate CSCC163768 (6-(trifluoromethyl)pyridine-2,3-dicarboxylic acid)","2016","90376-94-6"," "," "," "," "," "," "," "," "," "," ","> 100250"," "," "," "
"Bicyclopyrone","2016","352010-68-5","> 46700","10000","61500","13200","> 46650","103700","1700"," ","2000","590","13","3.2"," "," "
"Bifenazate degradate 2-[4-methoxy(1,1 -biphenyl)-3-yl],1-methylethyl ester (D3598)","2016","NR","22.8"," "," "," ","27.75"," "," "," ","745.3"," "," "," "," "," "
"Bifenazate degradate 4-methoxybiphenyl (D1989)","2016","NR"," "," "," "," ","121"," "," "," "," "," "," "," "," "," "
"Bifenazate degradate [1,1 -Biphenyl]-3,4-diol (D9472)","2016","NR","100.5"," "," "," ","382"," "," "," ","901.7"," "," "," "," "," "
"Bifenazate","2016","149877-41-8","290"," ","208"," ","250","150","25"," ","890","380","> 3820"," "," "," "
"Bifenthrin","2021","82657-04-3","0.075","0.004","8.9","0.1","0.0002465","0.00005","0.00199"," ","> 290","290","> 330","330"," "," "
"Bioallethrin","2015","NR","4.7"," "," "," "," "," "," "," "," "," "," "," "," "," "
"Bispyribac-sodium","2015","125401-92-5","> 51000","9200","60000"," ","> 49600"," ","65000"," ","250","31","12","6.6"," "," "
"Bixafen","2020","581809-46-3","37","4.6","75.5"," ","550","53.5","121.5"," ","15.94","0.743","> 410","55.7"," "," "
"Boric Acid Salts"," ","NR","> 400000"," "," "," ","66500"," "," "," "," "," "," "," "," "," "
"Boric Acid","2023","10043-35-3","510500","42000","277500"," ","66500","10000","40050"," ","81300","9200","162600","60000"," "," "
"Boscalid","2015","188425-85-6","1350","116","1930"," ","< 2665","790","1905"," ","1340","490","> 3900","990"," "," "
"Broflanilide","2021","207727-04-5","125.5","51","650","11","> 161","5.93","0.0108"," ","570","160","> 630","630"," "," "
"Bromacil"," ","314-40-9","18000","3000","81400"," ","60500","8200","56450"," ","6.8","1.1","45","17"," "," "
"Bromethalin","2023","63333-35-7","280.5"," "," "," ","2.765"," "," "," "," "," "," "," "," "," "
"Bromoxynil heptanoate","2016","56634-95-8","14.5"," "," "," ","15.5"," "," "," "," "," ","219"," "," "," "
"Bromoxynil octanoate","2016","1689-99-2"," ","18","85"," ","5.5","2.5","32.5"," ","51"," "," "," "," "," "
"Bromoxynil phenol","2016","1689-84-5","1050"," "," "," ","7955"," "," "," "," "," "," "," "," "," "
"Bromuconazole","2019","116255-48-2","850","34"," "," ","42.5","20"," "," ","53"," ","160"," "," "," "
"Buprofezin","2022","69327-76-0","> 165","8.4","250","5.8","> 210","80","280"," ","> 382"," ","> 400"," "," "," "
"Butoxypolypropylene Glycol","2022","9003-13-8","25000","5580"," "," ","8500","4450"," "," ","40600"," "," "," "," "," "
"Butylate","2016","2008-41-5","105","300","1350"," ","5500"," "," "," "," "," ","4600","1500"," "," "
"Cacodylate Acid","2014","75-60-5","8500"," "," "," ","9050"," "," "," "," "," ","30900"," "," "," "
"Captan degradate (1,2,3,6-Tetrahydrophthalimide)","2014","1469-48-3","> 60000"," "," "," ","> 56500"," "," "," ","> 181000","181000"," "," "," "," "
"Captan degradate (tetrahydrophthalimic acid)","2014","NR","> 63000"," "," "," "," "," "," "," "," "," "," "," "," "," "
"Captan","2023","133-06-2","32.5","16.5","963"," ","4200","560","1.65"," ","24"," ","> 12700","443"," "," "
"Carbaryl","2022","63-25-2","110","6.8","360","210","0.85","0.5","2.85"," ","340","45","1550","650","2.1","2.1"
"Carbofuran"," ","1563-66-2","44","5.7"," "," ","1.115","0.75"," "," "," "," "," "," "," "," "
"Carboxin Sulfoxide","2022","17757-70-9","> 12475","11000"," "," ","> 11050"," "," "," "," "," "," "," "," "," "
"Carboxin","2022","5234-68-4","600"," ","3550","45.5","42200"," ","4300"," ","370","110","670","150"," "," "
"Carfentrazone-ethyl","2019","128639-02-1","800","118","570","84","> 4900","35000","580"," ","6.5","1.9","5.9","2.2"," "," "
"Cetylpyridinium Chloride","2021","6004-24-6","75"," "," "," ","3.68"," "," "," ","9300"," "," "," "," "," "
"Chlorantraniliprole degradate IN-ECD73","2021","NR"," "," "," "," ","> 6.5"," "," "," "," "," "," "," "," "," "
"Chlorantraniliprole degradate IN-EQW78","2021","NR"," "," "," "," ","> 69"," "," "," "," "," "," "," "," "," "
"Chlorantraniliprole degradate IN-F6L99","2021","NR"," "," "," "," ","23400"," "," "," "," "," "," "," "," "," "
"Chlorantraniliprole degradate IN-F9N04","2021","NR"," "," "," "," ","15"," "," "," "," "," "," "," "," "," "
"Chlorantraniliprole degradate IN-GAZ70","2021","NR"," "," "," "," ","> 4.935"," "," "," "," "," "," "," "," "," "
"Chlorantraniliprole degradate IN-LBA22-002","2021","NR"," "," "," "," ","> 120"," "," "," "," "," "," "," "," "," "
"Chlorantraniliprole degradate IN-LBA23-000","2021","NR"," "," "," "," ","> 0.5"," "," "," "," "," "," "," "," "," "
"Chlorantraniliprole degradate IN-LBA24-002","2021","NR"," "," "," "," ","> 5000"," "," "," "," "," "," "," "," "," "
"Chlorantraniliprole","2021","500008-45-7","> 6900","110"," "," ","8.3","3.02","575"," ","> 1780"," ","> 2000"," "," "," "
"Chlorfenapyr Metabolite CL303094","2016","NR"," "," "," "," ","280"," "," "," "," "," "," "," "," "," "
"Chlorfenapyr Metabolite CL303195","2016","NR"," "," "," "," ","850"," "," "," "," "," "," "," "," "," "
"Chlorfenapyr Metabolite CL303267","2016","122454-23-3","35"," "," "," ","53.5"," "," "," "," "," "," "," "," "," "
"Chlorfenapyr Metabolite CL312094","2016","NR","> 464"," "," "," "," "," "," "," "," "," "," "," "," "," "
"Chlorfenapyr Metabolite CL325195","2016","NR","1050"," "," "," "," "," "," "," "," "," "," "," "," "," "
"Chlorfenapyr","2016","122453-73-0","3.72","3.68","30.1"," ","2.915","3.57","1.02"," "," "," "," "," "," "," "
"Chlorflurenol methyl ester (CME)","2022","2536-31-4","810"," "," "," ","3745"," "," "," "," "," ","7800"," "," "," "
"Chlorimuron-ethyl","2018","90982-32-4"," "," "," "," "," "," "," "," ","0.77"," ","0.27"," "," "," "
"Chlormequat chloride","2024","999-81-5","> 500000","10000","50000","9150","8450","5000","25000","9260","> 207000","207000","2600","40"," "," "
"Chlorophacinone","2023","3691-35-8","226"," "," "," ","320"," "," "," "," "," "," "," "," "," "
"Chloropicrin","2014","76-06-2","5.5"," ","50"," ","60"," "," "," "," "," ","6.5","0.31"," "," "
"Chlorothalonil degradate (SDS-3701)"," ","NR","4600"," "," "," ","13000"," "," "," ","33700"," "," "," "," "," "
"Chlorothalonil","2021","1897-45-6","9","0.77","14","10.8","27","0.6","1.8"," ","12","3.9","640","290"," "," "
"Chlorpyrifos-methyl","2016","5598-13-0","7"," "," "," ","0.085"," "," "," "," "," "," "," "," "," "
"Chlorpyrifos","2022","2921-88-2","0.9","0.57","0.48","0.28","0.05","0.04","0.0175","0.0046","140"," "," "," ","0.083","0.041"
"Chlorsulfuron","2014","64902-72-3","> 150000","32000","490000"," ","> 185000","20000"," "," ","50","9.4","0.35","0.24"," "," "
"Chromated Arsenicals","2016","NR","25000","1900","14000"," ","7500","2","1000"," ","380","7"," ","5"," "," "
"Citral","2023","5392-40-5","2300"," "," "," ","3500"," "," "," "," "," "," "," "," "," "
"Clethodim","2015","99129-21-2","12200","2","12200","2","10100","940","2650"," ","2700","5400","1340","370"," "," "
"Clodinafop-propargyl Degradate ""Clodinafop acid""","2019","114420-56-3"," "," "," "," ","> 4600","2600"," "," ","45100"," "," "," "," "," "
"Clodinafop-propargyl Degradate (CGA-302371)","2014","514797-96-7","> 47700"," "," "," ","> 49450"," "," "," ","30600"," "," "," "," "," "
"Clodinafop-propargyl","2019","105512-06-9","120","14","120","14","> 1000","2600","1000"," ","3000"," ","> 2400"," "," "," "
"Clofentezine","2015","74115-24-5","> 17.1","6"," "," ","> 17.1","26.2"," "," ","> 34.2","34.2"," "," "," "," "
"Clomazone"," ","81777-89-1","1450","350","20300","4890","2700","2200","283"," ","167","23.6","30200","7300"," "," "
"Clopyralid","2022","1702-17-6","51500","10000"," "," ","116500","4700"," "," ","6900"," ","90300","7200"," "," "
"Cloransulam-methyl degradate 'Cloransulam'","2019","159518-97-5"," "," "," "," "," "," "," "," ","7.4"," ","130"," "," "," "
"Cloransulam-methyl","2019","147150-35-4","> 16250","10100","68625"," ","> 17250","< 2070","55500"," ","3","0.94","0.99","0.6"," "," "
"Clothianidin","2016","210880-92-5","> 50750","9700","45700"," ","11","0.05","26.5"," ","64000","6350","> 280000","520"," "," "
"Copper 8-quinolinolate (Bis(8-quinolinolato)copper(II))","2022","10380-28-6","4.45","2.99"," "," ","81"," "," "," ","2.2"," ","> 50"," "," "," "
"Copper compounds","2019","NR"," "," "," "," "," "," "," "," "," "," "," "," ","4.8","3.1"
"Copper"," ","7440-50-8","15.7","9.01"," "," ","2.05","1.11"," "," ","3.1","2","2300","100"," "," "
"Coumaphos","2022","56-72-4","170","11.7","140","3.6","0.037","0.0337","1"," "," "," ","166","166"," "," "
"Cryolite","2023","102851-06-9","23500"," "," "," ","2500"," ","7000"," "," "," "," "," "," "," "
"Cyantraniliprole","2014","736994-63-1","> 5000","10700","6000","750","10.2","6.56","260"," ","> 10000"," ","> 12100","1000"," "," "
"Cyazofamid","2016","120116-88-3","> 70","90.1","83.5"," ","79","< 8.7"," "," ","100"," ","> 1220"," "," "," "
"Cyclanilide degradate ""2,4-dichloroaniline""","2019","554-00-7"," "," "," "," "," "," "," "," ","3200"," "," "," "," "," "
"Cyclanilide","2019","113136-77-9","> 5500","2600","24500","28","> 6500","12600","2500"," ","80","30","> 220","220"," "," "
"Cyclaniliprole degradate NK-1375","2022","NR"," "," "," "," ","> 27.15"," "," "," "," "," "," "," "," "," "
"Cyclaniliprole degradate NU-356","2022","NR"," "," "," "," ","> 12200"," "," "," "," "," "," "," "," "," "
"Cyclaniliprole degradate TJ-537","2022","NR"," "," "," "," ","188"," "," "," "," "," "," "," "," "," "
"Cyclaniliprole","2022","1031756-98-5","> 68.5","200","80"," ","40.4","9.6","11.5"," ","> 99","99","> 187","187"," "," "
"Cycloate","2021","1134-23-2","2250","31","2555"," ","1200","220","850"," ","61","38","2225","380"," "," "
"Cyflufenamid degradate 149-F11","2022","NR"," "," "," "," ","> 49800"," "," "," "," "," "," "," "," "," "
"Cyflufenamid degradate 149-F1","2022","NR"," "," "," "," ","7200"," "," "," "," "," "," "," "," "," "
"Cyflufenamid degradate 149-F6","2022","NR"," "," "," "," ","> 51500"," "," "," "," "," "," "," "," "," "
"Cyflufenamid degradate 149-F","2022","NR","20650"," "," "," ","27800"," "," "," "," "," "," "," "," "," "
"Cyflufenamid","2022","180409-60-3","520"," ","100"," "," "," ","80"," ","> 269","269","> 247","247"," "," "
"Cyflumetofen degradate A-2 (4-tert-Butylphenyl-acetonitrile)","2016","3288-99-1","3545"," "," "," ","5260"," "," "," "," "," "," "," "," "," "
"Cyflumetofen degradate AB-1 dimer","2016","NR"," "," "," "," "," ","5.61"," "," "," "," "," "," "," "," "
"Cyflumetofen degradate AB-11 (Benzenepropanoic acid,a-cyano-a-[4-(1,1-dimethylethyl)phenyl]-b-oxo-2-(trifluoromethyl)-,1-methylethyl ester)","2016","400882-00-0"," "," "," "," "," "," "," "," ","> 483"," "," "," "," "," "
"Cyflumetofen degradate AB-1","2016","NR"," "," "," "," "," ","34200"," "," "," "," "," "," "," "," "
"Cyflumetofen degradate B-1 (2-(trifluoro methyl) benzoic acid)","2016","433-97-6","> 48950"," "," "," ","> 88750"," "," "," ","> 102700"," "," "," "," "," "
"Cyflumetofen degradate B-2","2016","NR"," "," "," "," ","> 10"," "," "," "," "," "," "," "," "," "
"Cyflumetofen","2015","400882-07-7","> 8.75","31.6","3.795"," ","> 8.6","16.2","3.2","11.4","> 23.8","23.8","> 38.3","38.3"," "," "
"Cyfluthrin","2021","68359-37-5","0.034","0.0042","2.03","4.05","0.0125","0.00012","0.0011"," ","> 2"," "," "," "," "," "
"Cyhalofop-butyl degradate Cyhalofop-acid","2015","122008-78-0","> 49600"," "," "," ","> 50000"," "," "," ","> 78200"," "," "," "," "," "
"Cyhalofop-butyl degradate Cyhalofop-amide","2015","NR","> 44200"," "," "," ","> 50000"," "," "," ","50000"," "," "," "," "," "
"Cyhalofop-butyl degradate Cyhalofop-diacid","2015","NR","> 47700"," "," "," ","> 47950","98300"," "," ","> 96400"," "," "," "," "," "
"Cyhalofop-butyl degradate FHPBA","2015","NR"," "," "," "," ","> 200"," "," "," ","> 400"," "," "," "," "," "
"Cyhalofop-butyl degradate HPPA","2015","NR"," "," "," "," ","> 200"," "," "," ","> 400"," "," "," "," "," "
"Cyhalofop-butyl","2015","122008-85-9","380","134","417"," ","> 292","47.4"," "," ","890","530"," ","5300"," "," "
"Cyhexatin"," ","13121-70-5","0.645"," "," "," ","0.085"," "," "," "," "," "," "," "," "," "
"Cymoxanil","2019","57966-95-7","14500","0.98","23750","94.2","14000","67","22200"," ","202","63.3","> 793.8","793.8"," "," "
"Cypermethrin","2021","52315-07-8","0.195","0.051","0.475","0.125","0.00028","< 0.00005","0.0027"," ","25000","60","> 1.62","1.62"," "," "
"Cyphenothrin"," ","39515-40-7","0.17"," "," "," ","0.215"," "," "," "," "," "," "," "," "," "
"Cyprodinil degradate ""CGA 249287""","2019","92238-61-4"," "," "," "," ","> 49000"," "," "," "," "," "," "," "," "," "
"Cyprodinil degradate ""CGA 275535""","2019","NR"," "," "," "," ","> 3530"," "," "," "," "," "," "," "," "," "
"Cyprodinil","2019","121552-61-2","1090","230","625","39.3","16","8.2","4.07"," ","1970","1050","5900","2900"," "," "
"Cyromazine degradate Melamine","2015","108-78-1","> 60000","500000"," "," ","30000","18000"," "," ","940000"," "," "," "," "," "
"Cyromazine","2015","66215-27-8","> 42000","73000"," "," ","> 44350","310"," "," ","124000","100"," "," "," "," "
"d-Limonene","2017","5989-27-5","40000"," "," "," ","19500"," "," "," ","9353","1731","29650","3125"," "," "
"Dacthal (DCPA)","2016","1861-32-1","15000"," ","500"," ","13500"," "," "," ","> 11000"," ","> 11000"," "," "," "
"Daminozide"," ","1596-84-5","224000"," "," "," ","35500"," "," "," ","> 99800"," "," "," "," "," "
"Dazomet degradate (Methyl Isothiocyanate)","2014","556-61-6","26.5"," "," "," ","27.5","25"," "," ","200","130","590","90"," "," "
"Dazomet","2016","533-74-4"," "," "," "," "," "," "," "," "," "," "," "," "," "," "
"DCOIT","2021","64359-81-5","0.7","0.42","10.25","2.9","2.6","0.4","2.35"," ","18"," ","166"," "," "," "
"DEET (N,N-diethyl-m-toluamide)","2015","134-62-3","37500"," "," "," ","37500"," "," "," "," "," "," "," "," "," "
"Deltamethrin","2021","52918-63-5","0.075","0.017","0.29","0.024","0.0001","0.000026","0.00185"," ","> 3.1","3.1","> 779","779"," "," "
"Denatonium Benzoate","2015","3734-33-6","> 500000"," "," "," ","5100","2000"," "," ","5000"," "," "," "," "," "
"Denatonium Saccharide","2023","90823-38-4","> 500000"," "," "," ","5100","2000","277000"," ","5000","5000"," "," "," "," "
"Diazinon","2016","333-41-5","45","< 0.55","75","0.39","0.105","0.17","2.1"," ","3700","66"," "," ","0.17","0.17"
"Dicamba acid","2023","1918-00-9","14000","> 9900","90000","11000","> 50000","> 42000"," "," ","61","5","1290","200"," "," "
"Dicamba degradate 3, 6-dichlorosalicylic acid (DCSA)","2023","3401-80-7"," ","31"," "," "," ","> 9710"," "," "," "," ",">"," "," "," "
"Dicamba, dimethylamine salt","2016","2300-66-5","488500"," "," "," ","781500"," "," "," "," "," "," "," "," "," "
"Dicamba, sodium salt","2016","1982-69-0","253600"," "," "," ","17300"," "," "," "," "," "," "," "," "," "
"Dichlobenil","2016","1194-65-6","2465","< 330","6350"," ","3100","560","815"," ","1500","160","30","6"," "," "
"Dichloroprop (2,4-DP)","2016","120-36-5","> 45750"," "," "," ","279000","100000"," "," ","77","1.3","32000","1870"," "," "
"Dichlorvos (DDVP)","2021","62-73-7","50","5.2","160","41.7","0.0334","0.0058","9.55"," ","14000"," ","60600"," "," "," "
"Diclofop-methyl degradate Diclofop Acid","2015","40843-25-2","10950"," "," "," "," "," "," "," "," "," "," "," "," "," "
"Diclofop-methyl","2015","51338-27-3","75","7.5"," "," ","185","64"," "," "," "," ","1295","1000"," "," "
"Dicloran","2023","99-30-9","280","2.6"," "," ","1035","32","805"," ","1200","1500","4500","1400"," "," "
"Dicofol"," ","115-32-2","26.5","4.4"," "," ","70","19"," "," ","> 5000"," "," "," "," "," "
"Dicrotophos","2015","141-66-2","2850","9880","41900"," ","6.3","1.7","38.5"," ","> 118000","14300","> 117000","117000"," "," "
"Didecyl Dimethyl Ammonium Chloride (DDAC)","2023","7173-51-5","160","32","480"," ","9","10","34.5"," ","14.2","8"," "," "," "," "
"Difenacoum"," ","56073-07-5","32"," "," "," ","260"," "," "," ","320","250"," "," "," "," "
"Difenoconazole degradate 1,2,4-Triazole","2021","288-88-0","249000"," "," "," ","> 49050"," "," "," ","14000"," "," "," "," "," "
"Difenoconazole degradate Triazole Acetic Acid","2021","28711-29-7","> 50500"," "," "," ","> 54000"," "," "," "," "," "," "," "," "," "
"Difenoconazole","2022","119446-68-3","405","0.86","409.5","0.86","385","5.6","75"," ","98","3","1900"," "," "," "
"Difenzoquat methyl sulfate"," ","43222-48-6","23250"," "," "," ","1265"," "," "," ","630","378","120","43.9"," "," "
"Difethialone","2023","104653-34-1","25.5"," "," "," ","2.2"," "," "," "," "," "," "," "," "," "
"Diflubenzuron"," ","35367-38-5","64500","100"," "," ","0.0014","0.00025"," "," ","200","200","190","190"," "," "
"Dikegulac sodium","2015","52508-35-7","> 60500"," "," "," ","> 5000000"," ","4391500"," ","100000","27000","9600","3500"," "," "
"Dimethenamid","2021","87674-68-8","3150","120","6000"," ","6000","1360","1600"," ","14","2.1","8.9","1.2"," "," "
"Dimethoate","2016","60-51-5","3100","430","55500","1200","21.5","0.5","15.5"," ","20000","9000","> 92600","92600"," "," "
"Dimethomorph","2019","110488-70-5","3100","107","5650","63","> 5300","110","2565"," ","23800","16300","22040","3070"," "," "
"Dinotefuran degradate dn phosphate","2016","NR"," "," "," "," ","> 55300"," "," "," ","> 100400"," "," "," "," "," "
"Dinotefuran degradate MNG","2016","NR"," "," "," "," "," "," "," "," ","> 98700"," "," "," "," "," "
"Dinotefuran","2016","165252-70-0","> 49550","6360","54500"," ","> 484150","> 95300","395"," ","> 97600","25000","> 110000","110000"," "," "
"Dioctyl Sodium Sulfosuccinate","2023","577-11-7","14000","261","65000"," ","18000","732","10350"," ","7700","39500"," ","28"," "," "
"Diphacinone","2023","82-66-6","1300"," "," "," ","900"," "," "," "," "," "," "," "," "," "
"Dipropyl isocinchomeronate","2017","136-45-8","220"," "," "," ","9000"," "," "," "," "," "," "," "," "," "
"Diquat Dibromide"," ","85-00-7","7400","122","25550"," ","385","< 36","210"," ","9.4"," ","0.75"," "," "," "
"Disulfoton sulfone","2016","2497-06-5","56"," "," "," ","17.5","0.14"," "," "," "," "," "," "," "," "
"Disulfoton sulfoxide","2016","2497-07-6","94"," "," "," ","32","1.5"," "," "," "," "," "," "," "," "
"Disulfoton","2016","298-04-4","19.5","3","260","16","1.95","0.01","360"," "," "," "," "," "," "," "
"Dithiopyr","2022","97886-45-8","235","20","1082"," ","2600","81","79"," ","20","7.6","6.11","2.67"," "," "
"Diuron degradate DCPMU","2021","NR"," "," "," "," "," "," "," "," ","7.1"," "," "," "," "," "
"Diuron degradate mCPDMU","2021","NR"," "," "," "," "," "," "," "," ","107"," "," "," "," "," "
"Diuron","2025","330-54-1","660","26.4","3350","730","87.5","0.83","600"," ","3.08"," ","13"," "," "," "
"Dodine","2022","2439-10-3","285","99","1850","68","8.9","4.4","25.2"," ","0.08","0.055","30"," "," "," "
"Dyes + Acids"," ","NR","> 48000","> 96000"," "," ","> 48500"," "," "," "," "," "," "," "," "," "
"Endosulfan sulfate","2016","1031-07-8","1.9"," "," "," ","150"," "," "," "," "," "," "," "," "," "
"Endosulfan","2016","115-29-7","0.05","0.023","0.045","0.045","0.3","0.01","0.02"," ","428"," "," "," ","0.22","0.056"
"Endothall (acid)","2021","145-73-3","24500","1300"," "," ","46000","1500"," "," "," "," "," "," "," "," "
"Endothall (dipotassium salt)","2021","2164-07-0","4576","1300"," "," ","35350","1500"," "," ","1560"," ","610"," "," "," "
"Endothall (mono N,N-dimethylalkylamine salt)","2021","66330-88-9","65.5","46"," "," ","42","2.3"," "," ","7.2"," ","740"," "," "," "
"EPTC (S-Ethyl dipropylthiocarbamate)","2019","759-94-4","7000","40","8500","50","3250","800","315"," ","1400","900","5600","890"," "," "
"Esbiol (s-bioallethrin)","2016","NR","4.7"," "," "," "," "," "," "," "," "," "," "," "," "," "
"Esbiol","2016","28434-00-6","3.9"," "," "," "," "," "," "," "," "," "," "," "," "," "
"Esbiothrin","2015","260359-57-7"," "," "," "," ","4.45"," "," "," "," "," "," "," "," "," "
"Esfenvalerate","2021","66230-04-4","0.071","0.017","9.65","0.63","0.000424","0.0000309","0.00233"," ","> 5.6","5.6","> 8.6","8.6"," "," "
"Ethaboxam degradate ""LGC-32523""","2020","NR"," "," "," "," ","> 55000"," "," "," "," "," "," "," "," "," "
"Ethaboxam degradate ""LGC-32533""","2020","NR"," "," "," "," ","> 15000"," "," "," "," "," "," "," "," "," "
"Ethaboxam","2020","162650-77-3","1090","880","1550","170","185","50","185"," ","> 3600","1800","> 13000","6800"," "," "
"Ethalfluralin","2016","55283-68-6","16","0.4","120","1.2","30","24","85"," ","25","10.9","7.3","1.7"," "," "
"Ethephon","2019","16672-87-0","44000","43000","51000","50000","15850","17000","30000"," ","23500","2000","2500","17"," "," "
"Ethion","2016","563-12-2","36.5"," ","24.5"," ","0.028"," ","7.5"," "," "," "," "," "," "," "
"Ethofumesate degradate CU88901","2021","NR"," "," "," "," ","> 7400"," "," "," "," "," "," "," "," "," "
"Ethofumesate degradate ethofumesate acetic acid","2021","NR"," "," "," "," ","> 5250"," "," "," "," "," "," "," "," "," "
"Ethofumesate degrade NC8493","2021","NR"," "," "," "," ","> 5300"," "," "," ","971"," "," "," "," "," "
"Ethofumesate","2021","26225-79-6","5760","< 306","12500"," ","17150","300","2600"," ","> 2760","2760","39000","760"," "," "
"Ethoprop","2016","13194-48-4","150","24","3.15","2","22","0.8","9.39"," ","8400"," "," "," "," "," "
"Ethoxyquin","2015","91-53-2","9000"," "," "," ","1000"," "," "," "," "," "," "," "," "," "
"Etofenprox","2023","80844-07-1","1.35","23","8.25"," ","0.4","0.17","0.0094"," ","> 18.8","18.8","> 26","26"," "," "
"Etoxazole degradate 2-amino-2-(4-tert-butyl-2-ethoxyphenyl)ethanol (R-8)","2015","NR","> 440"," "," "," ","> 700"," "," "," "," "," "," "," "," "," "
"Etoxazole degradate 2-amino-2-(4-tert-butyl-2-ethoxyphenyl)ethyl-2' ,6'-difluorobenzoate hydrochloride (R-7)","2015","NR"," "," "," "," ","> 370"," "," "," ","> 990"," "," "," "," "," "
"Etoxazole degradate 4-(4-tert-Butyl-2-ethoxyphenyl)-2-(2,6-difluorophenyl)-oxazole (R-13)","2015","NR","> 370"," "," "," ","> 365"," "," "," ","> 1000"," "," "," "," "," "
"Etoxazole degradate N-(2,6-Difluorobenzoyl)-2-amino-2-(4-tert-butyl-2-ethoxyphenyl) ethane (R-4)","2015","NR"," "," "," "," ","> 650"," "," "," "," "," "," "," "," "," "
"Etoxazole degradate N-(2,6-Difluorobenzoyl)-4-tert-butyl-2-ethoxybenzamide (R-3)","2015","NR","> 400"," "," "," ","> 275"," "," "," ","> 1000"," "," "," "," "," "
"Etoxazole","2015","153233-91-1","> 185","15","80"," ","3.65","0.13","0.55"," ","> 51.9","51.9","> 56","56"," "," "
"Etridiazole degradate 3-DCMT (5-ethoxy-3-dichloromethyl-1,2,4-thiadiazole)","2022","NR","385"," "," "," ","550"," "," "," "," "," "," "," "," "," "
"Etridiazole","2022","2593-15-9","385","101","2000","28","1540","370","1250"," ","72","2","8120","1400"," "," "
"ETU (common degradate of Mancozeb, Maneb, and Nabam)","2022","96-45-7","> 251000"," ","447500"," ","13450","540","3900"," ","23000","12500","> 960000","230000"," "," "
"Famoxadone degradate IN-H3310-2","2021","NR"," "," "," "," ","> 1350"," "," "," "," "," "," "," "," "," "
"Famoxadone degradate IN-JL856","2021","NR"," "," "," "," ","> 95"," "," "," "," "," "," "," "," "," "
"Famoxadone degradate IN-JS940","2021","NR","> 4500"," "," "," ","> 4800"," "," "," "," "," "," "," "," "," "
"Famoxadone degradate IN-KF015","2021","NR"," "," "," "," ","2850"," "," "," "," "," "," "," "," "," "
"Famoxadone degradate IN-KZ007","2021","NR"," "," "," "," ","> 55"," "," "," "," "," "," "," "," "," "
"Famoxadone degradate IN-MN467","2021","NR"," "," "," "," ","> 70"," "," "," "," "," "," "," "," "," "
"Famoxadone degradate IN-MN468","2021","NR"," "," "," "," ","130.5I"," "," "," "," "," "," "," "," "," "
"Famoxadone degradate IN-MN968","2021","NR"," "," "," "," ","> 25.5"," "," "," "," "," "," "," "," "," "
"Famoxadone","2021","131807-57-3","6","1.4","24.7","5.58","5.9","0.085","1.88"," ","13.5","2.6","> 81","81"," "," "
"Fenamidone degradate RPA-410193 ((5S)-5-Methyl-5-phenyl-3-(phenylamino)-2,4-imidazolelidinedione) (phenylamino)-2,4-imidazolidinedione","2022","332855-88-6"," "," "," "," ","> 2750"," "," "," "," "," "," "," "," "," "
"Fenamidone degradate RPA-412636 ((S)-Methyl-5-phenylimidazolidine-2,4- dione)","2022","27539-12-4","> 8600"," "," "," ","> 48700"," "," "," ","17300"," "," "," "," "," "
"Fenamidone degradate RPA-412708 ((5S)-3,5-dihydro-5-methyl-2-(methylthio)-5-phenyl-4H-imidazole-4- one)","2022","332855-82-0","> 49000"," "," "," ","> 50400"," "," "," ","> 18700"," "," "," "," "," "
"Fenamidone degradate RPA-413255 ((5S)-3,5-5-methyl-2-(methylthio)-3-[(2- nitrophenyl)amino]-5-phenyl-4Himidazole- 4-one)","2022","NR","> 1000"," "," "," ","4850"," "," "," "," "," "," "," "," "," "
"Fenamidone","2022","161326-34-7","310","4.7","1250","19","24.5","12.5","34.5"," ","70","12","> 880","880"," "," "
"Fenamiphos"," ","22224-92-6","4.75","3.8","8.5"," ","0.95","0.12","3.1"," "," "," "," "," "," "," "
"Fenarimol"," ","60168-88-9","450","180"," "," ","3400","113"," "," ","100","100"," "," "," "," "
"Fenazaquin degradate 2-(4-Tert-Butylphenyl) Ethanol","2022","NR","6650"," "," "," "," "," "," "," "," "," "," "," "," "," "
"Fenazaquin degradate Fenazaquin propionic acid","2022","NR","376.5"," "," "," "," "," "," "," ","7600"," "," "," "," "," "
"Fenazaquin","2022","120928-09-8","1.95","0.96"," "," ","2.8","1.3","2.5"," ","> 45.4","45.4","> 75.1","75.1"," "," "
"Fenbuconazole","2022","114369-43-6","340","27","900","19.2","1150","78","315"," ","410","50","740","120"," "," "
"Fenbutatin- oxide"," ","13356-08-6","0.85","0.31","10.4","3.8","15.5","16","0.185"," "," "," "," "," "," "," "
"Fenhexamid","2014","126833-17-8","670","101","5500"," ","> 9400","1000","2300"," ","4820"," ","> 2300","280"," "," "
"Fenitrothion","2016","122-14-5","860","46","500"," ","2.15","0.087","0.75"," ","1300","610"," "," "," "," "
"Fenoxaprop-ethyl","2016","66441-23-4","155"," ","500","88","1590","560","55"," ","650","100"," "," "," "," "
"Fenoxaprop-p-ethyl degradate (AE F046360)","2016","NR","230","44"," "," ","> 550","230"," "," ","430"," ","> 3000"," "," "," "
"Fenoxaprop-p-ethyl Degradate [AE F096918]","2017","NR","159000","31000"," "," ","> 92800","< 310"," "," ","14000"," "," "," "," "," "
"Fenoxaprop-p-ethyl degradate AE F054014 (Chlorobenzoxazolone)","2016","95-25-0","> 5000"," "," "," ","3300"," "," "," ","7500"," "," "," "," "," "
"Fenoxaprop-p-ethyl degradate AE F088406 (Fenoxaprop-p acid)","2016","NR","> 34400","1800"," "," ","7100","340"," "," ","44000"," "," "," "," "," "
"Fenoxaprop-p-ethyl degradate AE F096918","2016","NR","159000","31000"," "," ","> 92800","< 310"," "," ","14000"," "," "," "," "," "
"Fenoxaprop-p-ethyl Degradate Chlorobenzoxazolone [AE F054014]","2017","NR","> 5000"," "," "," ","3300"," "," "," ","7500"," "," "," "," "," "
"Fenoxaprop-p-ethyl Degradate Fenoxaprop-p acid (AE F088406)","2017","NR","> 34400","1800"," "," ","7100","340"," "," ","44000"," "," "," "," "," "
"Fenoxaprop-p-ethyl","2016","71283-80-2","230","44"," "," ","> 550","230"," "," ","430"," ","> 3000"," "," "," "
"Fenoxycarb"," ","72490-01-8","800","48","535"," ","200","0.0016","75"," "," "," "," "," "," "," "
"Fenpropathrin","2021","64257-84-7","1.1","0.06","1.55","0.81","0.001525","< 0.0015","0.0105"," ","63","24","> 1000","1000"," "," "
"Fenpyrazamine degradate- 2-Cyano-N-isopropyl-2-(otolyl)acetamide (MCNI)","2014","NR"," "," "," "," ","> 25000"," "," "," "," "," "," "," "," "," "
"Fenpyrazamine degradate- 5-Amino-2-isopropyl-4-(o-tolyl)-1H-pyrazol-3-one(S-2188-DC)","2014","NR","> 44500"," "," "," ","> 47000"," "," "," ","32000"," "," "," "," "," "
"Fenpyrazamine degradate- 5-Amino-4-hydroxy-2-isopropyl-4-(o-tolyl)pyrazol-3-one(S-2188-OH)","2014","NR","> 48500"," "," "," ","> 49000"," "," "," ","55000"," "," "," "," "," "
"Fenpyrazamine","2014","473798-59-3","2600","370","1950","39","2750","340","136.5"," ","11","4.9","1100","600"," "," "
"Fenpyroximate degradate M-3 ((E)-4-[(1,3-dimethyl-5-phenoxypyrazol-4-yl)methylene-aminooxy-methyl]-benzoic acid)","2022","NR","3100"," "," "," ","6525"," "," "," "," "," "," "," "," "," "
"Fenpyroximate","2022","134098-61-6","0.365","0.11","18","0.78","1.8","0.56","1.65"," ","2.7"," ","> 190","31"," "," "
"Fenthion","2016","55-38-9","415","7.5","600","7.5","2.6","0.013","0.11"," ","400"," ","> 2800","2800"," "," "
"Ferbam","2022","14484-64-1","36.5","1.9","470","1.6","180","35","35"," ","240"," ","2800"," "," "," "
"Fipronil degradate fipronil desulfinyl (MB46513)","2021","NR","10","0.53","15.6","0.019","177.5","41","0.75"," ","76"," ","> 100"," "," "," "
"Fipronil degradate fipronil sulfide (MB45950)","2021","NR","15.4","0.83","8.5","0.03","50","5.16","0.038"," ","76G"," ","> 100G"," "," "," "
"Fipronil degradate fipronil sulfone (MB46136)","2021","NR","12.5","0.67","19.6","0.024","14.5","< 0.22","0.028"," ","76G"," ","> 100G"," "," "," "
"Fipronil","2021","120068-37-3","41.5","6.6","65","0.24","0.11","0.011","0.07"," ","76","7.6","> 100","100"," "," "
"Flazasulfuron","2018","104040-78-0"," "," "," "," "," "," "," "," ","4.1"," ","0.076"," "," "," "
"Flonicamid","2022","158062-67-0","> 49000","9500","60000"," ","> 49500","3000","60500"," ","> 96700","43800","> 119000","7300"," "," "
"Florasulam","2016","145701-23-1","> 50000","119000","50000"," ","> 146000","38900","50000"," ","3.45","1.75","1.18","0.62"," "," "
"Florpyrauxifen-benzyl degradate Acid X11438848"," ","NR","> 49700","29800"," "," ","> 45900","25900"," "," "," "," ","0.497"," "," "," "
"Florpyrauxifen-benzyl degradate Des-Chloro- XDE-848 BE ester X12131932"," ","NR","> 500"," "," "," ","> 490"," "," "," "," "," "," "," "," "," "
"Florpyrauxifen-benzyl degradate Des-Chloro-Acid X12393505"," ","NR","> 45000"," "," "," ","> 55000"," "," "," "," "," "," "," "," "," "
"Florpyrauxifen-benzyl degradate Hydroxy Acid X1196341"," ","NR","> 60000"," "," "," ","> 50000"," "," "," "," "," "," "," "," "," "
"Florpyrauxifen-benzyl degradate Nitro-Hydroxy Acid X12483137","2018","NR","> 4800"," "," "," ","> 5000"," "," "," "," "," "," "," "," "," "
"Florpyrauxifen-benzyl","2017","1390661-72-9","> 24.5","37.3","20.2"," ","> 20.95","38.5","135"," ","> 51.3","28.5","0.0162","0.00483"," "," "
"Fluazaindolizine degradate IN-F4106","2024","NR","> 4757"," "," "," ","> 4639.5","11300"," "," ","> 8704","1702"," "," "," "," "
"Fluazaindolizine degradate IN-QEK31","2024","NR","> 5103"," "," "," ","> 61500","111000"," "," ","> 10120","10120"," "," "," "," "
"Fluazaindolizine degradate IN-REG72","2024","NR"," "," "," "," ","> 50000"," "," "," ","41400","30300"," "," "," "," "
"Fluazaindolizine degradate IN-VM862","2024","NR"," "," "," "," ","6700"," "," "," ","1800"," "," "," "," "," "
"Fluazaindolizine","2024","1254304-22-7","> 29000","11700","13000","5800","> 60000","570","15000"," ","21000","2290","17000","7200"," "," "
"Fluazifop-p-butyl degradate 5-(trifluoromethyl)-2(1H)-pyridinone (R154719)","2015","33252-63-0","120000"," "," "," ","333000"," "," "," ","340000","100000"," "," "," "," "
"Fluazifop-p-butyl","2015","79241-46-6","225","203","3400"," ","2570"," "," "," "," "," "," "," "," "," "
"Fluazinam","2014","79622-59-6","18","0.69","60","26","90","68","2.35"," ","1.1","0.49"," "," "," "," "
"Flubendiamide","2016","272451-65-7","> 32.55","60.5","14.9"," ","> 27.4","41.1","14"," ","> 69.3","69.3","> 54.6","54.6"," "," "
"Fludioxonil","2019","131341-86-1","235","18","600","38","450","14","6.4"," ","280","4.66","630","32"," "," "
"Fluensulfone degradate Butene Sulfonic Acid","2015","NR","> 61000"," "," "," "," "," "," "," ","> 4400"," "," "," "," "," "
"Fluensulfone degradate Deschloro-Fluensulfone","2015","NR"," "," "," "," "," "," "," "," ","> 4500"," "," "," "," "," "
"Fluensulfone degradate Methyl Sulfone","2015","NR","17500"," "," "," "," "," "," "," ","2500"," "," "," "," "," "
"Fluensulfone degradate Thiazole Sulfonic Acid","2015","NR","> 60500"," "," "," "," "," "," "," ","> 4400"," "," "," "," "," "
"Fluensulfone","2022","318290-98-1","6500","630"," "," ","11000","200"," "," ","22"," ","2700"," "," "," "
"Flufenacet degradate thiadone","2018","84352-75-0","4200"," "," "," ","15850"," "," "," ","6400"," ","10340"," "," "," "
"Flufenacet","2018","142459-58-3","1130","75","1690","49","1400","6300","1360"," ","2.9","2.52","2.45","0.44"," "," "
"Fluindapyr","2021","1383809-87-7","55","31","215","67","207","120","165"," ","1500","230","1400","590"," "," "
"Flumetralin","2022","62924-70-3","11.5","0.77","125"," ","> 80","> 8.8","46.5"," ","> 1.47","0.185","> 160","16"," "," "
"Flumetsulam","2014","98967-40-9","> 146500","197000","190000"," ","127000","111000","174500"," ","3.21","0.36","3.1","1.4"," "," "
"Flumiclorac-pentyl degradate Flumiclorac acid (IMCA)","2015","87547-04-4"," "," "," "," "," ","670"," "," ","> 35"," ","> 35"," "," "," "
"Flumiclorac-pentyl","2019","87546-18-7","550"," ","12000"," ","> 94.5","670","280"," ","> 35","35","> 35","35"," "," "
"Flumioxazin degradate- 482-HA","2022","NR","> 18000"," "," "," ","> 24000"," "," "," ","> 20"," ","6.9"," "," "," "
"Flumioxazin degradate- APF","2022","NR","> 12500"," "," "," "," "," "," "," ","71870","2970","> 10800","2790"," "," "
"Flumioxazin degradate- THPA-2Na","2022","NR","> 19000"," "," "," "," "," "," "," ","> 9670","9670","10100","10100"," "," "
"Flumioxazin","2022","103361-09-7","1150","0.51","2350","1.1","2750","28","115"," ","0.83","0.022","0.49","0.22"," "," "
"Fluometuron","2021","2164-17-2","1480","140","19000","1800","110","38","1900"," ","30","1.6","220","225"," "," "
"Fluopicolide degradate- 3-chloro-5-trifluoromethylpyridine-2-carboxylic acid","2014","NR","51000"," "," "," "," "," "," "," "," "," "," "," "," "," "
"Fluopicolide degradate- BAM","2014","NR","123000","10000"," "," ","92050","320000"," "," ","> 10000","10000"," "," "," "," "
"Fluopicolide","2014","239110-15-7","174.5","151","205"," ","> 850","190","1300"," ","< 2600","1.4","> 3200","3200"," "," "
"Fluopyram","2022","658066-35-4","> 890","135","490"," ","> 8500","1214","255"," ","4300","1460","2600","280"," "," "
"Fluoxastrobin","2021","361377-29-9","217.5","55.7","687"," ","60","45","25.8"," ","260","76","1200","160"," "," "
"Fluridone","2016","59756-60-4","2550","480"," "," ","2600"," ","2300"," "," "," "," "," "," "," "
"Fluroxypyr-MHE degradate Fluroxypyr Acid","2015","NR","7150","3000"," "," ","> 50000"," "," "," ","> 100000"," "," "," "," "," "
"Fluroxypyr-MHE","2015","81406-37-3","> 315"," ","43.5"," ","> 300","60.5","34"," ","56"," ","1400"," "," "," "
"Fluroxypyr"," ","69377-81-7","7150"," "," "," ","> 50000"," ","25500"," ","> 100000"," "," "," "," "," "
"Flurprimidol","2016","56425-91-3","8600","939"," "," ","5900","2950"," "," ","840","280","8.5","0.89"," "," "
"Flutianil","2019","958647-10-4","> 395","2.24","425","70","> 475","7.1","9.5"," ","120","44","> 214","214"," "," "
"Flutolanil","2015","66332-96-5","1250","220","3050"," ","> 3400","530","65"," ","> 800","800","> 8010","8010"," "," "
"Flutriafol","2021","76674-21-0","16500","4800","36100"," ","33550","310","17450"," ","460","300","780","18"," "," "
"Fluxapyroxad","2023","907204-31-3","145","22","650"," ","2550","460","480","27000","370","15","2400","440"," "," "
"Folpet degradate Phthalimide","2021","85-41-6","7350","1500","23850"," ","19500","3440","6050"," ","> 53500"," "," "," "," "," "
"Folpet","2021","133-07-3","7.5","8.8","32.75"," ","10"," ","30"," ","50","30","> 3700","230"," "," "
"Fomesafen","2019","72178-02-0","63000","9400","81500","12200","188000","50000","12500"," ","92","10","210","64"," "," "
"Foramsulfuron","2014","173159-57-4","> 50000","10500","46800"," ","> 51250","100000","59000"," ","3300","3000","0.65","0.36"," "," "
"Forchlorfenuron","2021","68157-60-8","4400"," "," "," ","2650"," "," "," ","> 16","16","> 900","900"," "," "
"Formaldehyde","2025","50-00-0","4675","620","1460"," ","160","63","980"," "," "," ","180","<100"," "," "
"Formetanate HCl","2022","23422-53-9","1350","480"," "," ","45","0.5","1150"," ","156.3","24.46","6928","1450"," "," "
"Fosamine Ammonium","2016","25954-13-6","188500"," ","64000"," ","762000"," ","122000"," ","> 15000","15000","> 21000","21000"," "," "
"Fosetyl-Aluminum","2016","39148-24-8","41700","8000"," "," ","152000"," ","925"," ","780","320","80000"," "," "," "
"Fosthiazate","2014","98886-44-3","55500","2320","23250"," ","130","61","214.5"," ","> 4510","4510"," "," "," "," "
"Gamma-cyhalothrin","2021","76703-62-3","0.0145"," "," "," ","0.00004","0.00193"," "," ","> 310"," ","> 0.508"," "," "," "
"Glufosinate ammonium","2014","NR","> 156000","50000","481500"," ","325500","31000","3750"," ","72","41","1470","800"," "," "
"Glufosinate degradate 2-acetamido-4-methylphosphinico-butanoic acid (NAG)","2014","NR","> 50450"," "," "," "," "," "," "," ","> 357000"," "," "," "," "," "
"Glufosinate degradate 2-methylphosphinico-acetic acid (MPA)","2014","NR","> 49450"," "," "," ","18500"," "," "," ","53000"," ","> 97200","97200"," "," "
"Glufosinate degradate 3-methylphosphinicopropionic acid (MPP)","2014","NR","> 50000","26000"," "," ","21000","< 6430"," "," ","> 1000000"," ","> 103000","103000"," "," "
"Glufosinate degradate Methylphosphinico-formic acid (MPF)","2014","NR","> 51000"," "," "," ","> 49100"," "," "," ","> 94800"," "," "," "," "," "
"Glufosinate","2018","77182-82-2","> 156000","50000","481500"," ","325500","31000","3750"," ","72","41","1470","800"," "," "
"Glyphosate degradate aminomethyl phosphoric acid (AMPA)","2016","1066-51-9","249500"," "," "," ","341500"," "," "," "," "," "," "," "," "," "
"Glyphosate isopropylamine salt","2016","38641-94-0","34700"," "," "," "," "," "," "," "," "," "," "," "," "," "
"Glyphosate","2016","1071-83-6","21500","25700","120000","88900","26600","9220","20000","6110","11400"," ","11900","1300"," "," "
"Halauxifen-methyl X11406790 degradate","2017","NR","> 14500"," "," "," ","> 12500"," "," "," ","1830","440","> 100","100"," "," "
"Halauxifen-methyl X11449757 degradate","2017","NR","> 62000","8900"," "," ","> 57500"," "," "," ","5280","1150","> 100","100"," "," "
"Halauxifen-methyl XDE-729 acid degradate","2017","943832-60-8","> 53500","11800"," "," ","> 53000","98300"," "," ","23200","6600","0.58","0.185"," "," "
"Halauxifen-methyl","2017","943831-98-9","1005","22","665","2.76","1060","144","650"," ","1280","468","0.135","0.000008"," "," "
"Halohydantoins degradate DMH","2021","NR","> 486000","12700","503"," ","> 535000","70900","460500"," ","> 1000000"," "," "," "," "," "
"Halohydantoins","2021","16079-88-2","200"," ","600"," ","235"," ","460"," "," "," "," "," "," "," "
"Halosulfuron-methyl","2018","100784-20-1"," "," "," "," "," "," "," "," ","4.1"," ","0.042"," "," "," "
"Hexaflumuron","2015","86479-06-3","> 127.8"," "," "," ","0.0555"," "," "," "," "," "," "," "," "," "
"Hexazinone","2019","51235-04-2","137000","17000"," "," ","75800","20000","39000"," ","7","4","37.4","26"," "," "
"Hexythiazox","2014","78587-05-0","> 60"," ","60"," "," ","6.1","55"," ","> 120","25","> 120","120"," "," "
"Hydramethylnon (synonym: Pyrimidone)","2014","67485-29-4","45"," ","488"," ","570"," ","27.2"," "," "," "," "," "," "," "
"Hydrogen Cyanamide","2015","420-04-2","23000","< 507","29000"," ","1650","100","1150"," ","370","90","3000","310"," "," "
"Hydrogen peroxide","2023","7722-84-1","46500","> 250000","1085","360","12000","> 200000","325","140"," ","19000"," ","210"," "," "
"Hymexazol","2019","10004-44-1","> 50000"," "," "," ","15400"," "," "," ","23390","5790","7900","1100"," "," "
"Imazamox","2015","114311-32-9","> 59500"," ","47000"," ","> 61000"," ","47000"," ","> 37","37","8","4.5"," "," "
"Imazapic acid","2015","104098-48-8","> 50000","96000","49350"," ","> 50000","96000","48850"," ","> 44.1","44.1","6.22","2.58"," "," "
"Imazapyr isopropylamine salt (IPA)","2015","NR"," "," "," "," "," "," "," "," ","11500","7160","18","11"," "," "
"Imazapyr","2015","81334-34-1","> 50000","43100","92000"," ","> 50000","97100","66000"," ","12200","9600","24","10"," "," "
"Imazaquin","2015","81335-37-7","140000"," "," "," ","140000"," "," "," "," "," "," "," "," "," "
"Imazethapyr (ammonium salt)","2016","81335-77-5","120000","97000","56000"," ","> 500000","103000","54500"," ","4770","1600","8.1","2.8"," "," "
"Imazethapyr CL266858","2016","NR"," "," "," "," ","> 50000"," "," "," ","11870","5970"," "," "," "," "
"Imazethapyr CL271197","2016","NR"," "," "," "," ","> 50000"," "," "," ","12400","6870","> 101","49.8"," "," "
"Imazethapyr CL290084","2016","NR"," "," "," "," ","> 50000"," "," "," ","28770","6110","37.14","23.54"," "," "
"Imazosulfuron degradate (IPSN)","2016","NR"," "," "," "," "," ","11000"," "," "," "," ","> 113000","113000"," "," "
"Imazosulfuron","2016","122548-33-8","> 34500","2900","47000"," ","> 45500","840","31500"," ","206"," ","1.46"," "," "," "
"Imidacloprid guanidine degradate","2017","NR"," "," "," "," ","28000"," "," "," "," "," "," "," "," "," "
"Imidacloprid urea degradate","2017","NR"," "," "," "," ","> 47400"," "," "," "," "," "," "," "," "," "
"Imidacloprid","2017","138261-41-3","114500","9000","81500","6420","0.385","0.01","16.5"," "," "," "," "," "," "," "
"Indoxacarb degradate (IN-JT333)","2016","NR","12","5.5"," "," ","> 14.5","3.6"," "," "," "," "," "," "," "," "
"Indoxacarb degradate (IN-MP819)","2016","NR","> 184","84.9"," "," ","32","8"," "," "," "," "," "," "," "," "
"Indoxacarb degradate (KN127)","2016","NR","197"," "," "," "," "," "," "," "," "," "," "," "," "," "
"Indoxacarb degradate- (IN-JT333) (methyl-7-chloro-2,5-dihydro -2-[[[4(trifluoromethoxy)phenyl]amino]carbonyl]indeno[1,2e][1,3,4]oxadiazine -4a(3H)-carboxylate)","2016","NR","12","5.5"," "," ","> 14.5","3.6"," "," "," "," "," "," "," "," "
"Indoxacarb degradate- (IN-MP819) (lndenol[1 ,2-e][1 ,3,4]oxadlazine-1 (2H)-carboxylic acid, 7-chloro-3,5-dlhydno-2-[[[4-(triftuoromethoxy)phenyl]amino]carbonyl]-, methyl ester)","2016","NR","> 184","84.9"," "," ","32","8"," "," "," "," "," "," "," "," "
"Indoxacarb","2014","173584-44-6","145","150","185","17","300","75","27.1"," ","> 110","110","> 84","84"," "," "
"Inpyrfluxam","2021","1352994-67-2","15.5","4.9","75","9","550","140","550"," ","730","320","56000","2800"," "," "
"Iodomethane"," ","74-88-4","665"," "," "," ","285"," "," "," "," "," "," "," "," "," "
"Iodosulfuron-methyl-sodium Degradate (Metsulfuron)","2014","NR","> 75000","4500"," "," ","> 75000","100000"," "," ","31","5","0.36","0.16"," "," "
"Iodosulfuron-methyl-sodium","2014","144550-36-7","> 44050","10200","50000"," ","> 43450","9100","50000"," ","41","14","0.7","0.39"," "," "
"Ipconazole","2021","125225-28-7","765","0.18","1000","1.03","850","30.4","110"," ","650","210","350","5.8"," "," "
"Ipflufenoquin","2022","1314008-27-9","2100","86","2000","210","1195","1100","1950"," ","1600","450","> 4600","4600"," "," "
"Iprodione","2021","36734-19-7","3080","260","4070","57.4","120","288","1120"," ","330","30","> 12600","12640"," "," "
"Isofetamid","2016","875915-78-9","1135","86","1400","86","2350","< 390","220"," ","> 4100","1200","> 4900","4900"," "," "
"Isoxaben","2015","82558-50-7","> 500","400","430"," ","> 650","690","480"," ","922","922","10","6"," "," "
"Isoxaflutole - rpa202248 (degradate)","2016","NR","> 15300"," ","39000"," ","> 29800"," ","1800"," ","5000"," ","75"," "," "," "
"Isoxaflutole - rpa203328 (degradate)","2021","NR","> 80000"," "," "," ","> 75000","8100","72500"," ","6900"," ","> 9800"," "," "," "
"Isoxaflutole","2021","141112-29-0","> 850","80","3200"," ","> 750","350","8.9"," ","110","2.2","4.9","1.1"," "," "
"Kasugamycin","2020","19408-46-9","> 55000","9500","55000"," ","> 33100"," ","50000"," ","650","80","86000","26000"," "," "
"Kresoxim-methyl degradate (BF490-1)","2014","NR","> 52000"," "," "," ","> 50000"," "," "," "," "," "," "," "," "," "
"Kresoxim-methyl","2019","143390-89-0","95","87","586.5","521","166","55","7.5"," ","30.3","12","> 301","301"," "," "
"L-lactic Acid","2024","79-33-4","120000"," "," "," ","125000"," "," "," ","> 2800000"," "," "," "," "," "
"Lactofen","2015","77501-63-4","230","1.4","26"," ","2425"," ","10"," ","0.44","0.057","23","6"," "," "
"Lambda-cyhalothrin","2021","91465-08-6","0.0145","0.031","0.404","0.25","0.00004","0.00022","0.0025"," ","> 310","310","> 0.508","0.508"," "," "
"Lindane (gamma HCH)","2016","58-89-9","0.85","2.9","11.5"," ","0.5","54","0.0385"," "," "," "," "," ","0.95"," "
"Linuron"," ","330-55-2","1500","5.58","445","357","60","0.09","1650"," ","13.7","5.8","2.5","9.7"," "," "
"Magnesium Chloride","2022","7786-30-3","677500"," "," "," ","13500"," "," "," "," "," ","6800"," "," "," "
"Malathion","2016","121-75-5","2.05","8.6","16.5","7.4","0.049","0.06","1.1"," ","2040","500","24000","24000"," ","0.1"
"Maleic Hydrazide Acid","2015","123-33-1","> 120000","9600","52000"," ","53750","99000","51500"," ","> 95000","60000","114000","23700"," "," "
"Mancozeb","2016","8018-01-7","455","1.35","800"," ","520","18","0.8"," ","47","22"," "," "," "," "
"Mandipropamid degradate- CGA 380778","2022","NR","> 21500"," "," "," ","27100"," "," "," ","16000","2400"," "," "," "," "
"Mandipropamid","2022","374726-62-2","2200","220","2250"," ","3550","76","455"," ","> 2500","1300","> 7900","1300"," "," "
"Maneb","2016","12427-38-2","21","6.1","90"," ","60"," ","1.5"," ","13.4","5"," "," "," "," "
"MCPA acid","2017","94-74-6"," "," ","89500"," "," "," ","75000"," ","630"," ","170"," "," "," "
"MCPA DMAS","2016","2039-46-5","48000","12000","5300"," ","41000","11000","5300"," ","160"," ","130"," "," "," "
"MCPA EHE","2016","29450-45-1","380"," ","65"," ","90"," ","65"," ","170"," ","20"," "," "," "
"MCPA sodium salt","2016","3653-48-3","> 34000"," ","50000"," ","> 92000"," ","2450"," "," "," "," "," "," "," "
"MCPB sodium salt","2022","6062-26-6","1960","< 530"," "," ","25100"," "," "," ","380"," ","200","780"," "," "
"MCPB","2022","94-81-5","1960","< 530","28200","4950","25100","2510","31500"," ","1370","510","200","780"," "," "
"Mecoprop-p acid (MCPP-p)","2024","16484-77-8","> 46500","50000"," "," ","68000","50800"," "," ","14"," ","10"," "," "," "
"Mecoprop-p degradate 2-methyl-4-chlorophenol","2015","NR","1150"," "," "," ","145"," "," "," "," "," ","93000"," "," "," "
"Mecoprop-p DMAS","2024","66423-09-4","> 46500"," "," "," ","68000"," "," "," ","14","9","1300","440"," "," "
"Mefenoxam","2019","70630-17-0","> 55000","9100","55000","9100","26900","1200","4850"," "," ","6200","77000","3000"," "," "
"Mefentrifluconazole","2020","1417782-03-6","268","7.4","378","147","473","9.1","454"," ","393","99.2","> 1874","1874"," "," "
"Mepiquat Chloride/Mepiquat Pentaborate","2019","24307-26-4","365000","105500","75500"," ","25400","12500","6300"," ","> 184"," ","> 184"," "," "," "
"Mesosulfuron-methyl degradate (F092944) (2-Amino-4,6-dimethoxypyrimidine)","2014","NR","48500"," "," "," ","> 50000","24000"," "," ","120000"," ","> 100000"," "," "," "
"Mesosulfuron-methyl degradate (F147447) (6-Methanesulfonamidomethyl- 1,2-benzisothiazol-3(2H)-one 1,l dioxide)","2014","NR"," "," "," "," "," "," "," "," ","> 92000","92000","> 90900","90900"," "," "
"Mesosulfuron-methyl degradate (F160459) (Methyl 2-[3-(4-hydroxy-6-methoxypyrimidine-2- yl)ureidosulfonyl]-4-methanesulfonamido-methyl benzoate)","2014","NR"," "," "," "," "," "," "," "," ","98000","54600","1500","290"," "," "
"Mesosulfuron-methyl degradate (F160460) (2-[3-(4-hydroxy-6-methoxypyrimidin-2-yl) ureidosulfonyl]-4-methanesulfonamidomethyl-benzoic acid)","2014","NR"," "," "," "," "," "," "," "," "," "," ","> 94710","94710"," "," "
"Mesosulfuron-methyl","2014","208465-21-8","> 45750","29600","52500"," ","> 45100","1700","50000"," ","2400","1100","0.64","0.19"," "," "
"Mesotrione degradate 2-amino-4-methylsulfonylbenzoic acid (AMBA)","2015","393085-45-5","75000"," "," "," ","80000"," "," "," ","8900"," "," "," "," "," "
"Mesotrione degradate 2-nitro-4-methylsulfonylbenzoic acid (MNBA)","2015","110964-79-9","> 60000"," "," "," ","67000"," "," "," "," "," "," "," "," "," "
"Mesotrione","2021","104206-82-8","> 60000","11000","50000"," ","67000","3055","1650"," ","> 820"," ","4.8"," "," "," "
"Metalaxyl","2019","57837-19-1","65000","9100","65000","9100","14000","1200","8800"," "," ","100000","85000","57000"," "," "
"Metaldehyde","2021","108-62-3","34500","37500","61500"," ","> 38800","73900","6450"," ","22100","11800","> 105000","105000"," "," "
"Metam sodium and Metam potassium degradate- Methyl isothiocyanate (MITC)","2022","556-61-6","26.5"," "," "," ","18.05","25"," "," ","150"," ","590"," "," "," "
"Metamitron Degradate Desamino-metamitron","2025","36993-94-9","> 178500"," "," "," ","> 288500"," "," "," ","24000","3100","31600","3079"," "," "
"Metamitron","2025","41394-05-2","97000","10300","47000"," ","2850","5500","45000"," ","273","55","480","57"," "," "
"Metconazole","2021","125116-23-6","1650","2.9","3150","11","2950","31","390"," ","81"," ","22"," "," "," "
"Methamidophos","2016","10265-92-6","12500","173.6","2815"," ","13","4.5","527"," ","> 50000","50000"," "," "," "," "
"Methanearsonic Acid, disodium salt DSMA"," ","144-21-8","> 56000"," "," "," ","76500"," "," "," ","1500"," ","72700","20500"," "," "
"Methanearsonic Acid, sodium salt MSMA","2016","124-58-3","6650"," ","161500"," ","38750"," ","40"," ","2800"," ","53000","29000"," "," "
"Methidathion"," ","950-37-8","1.1","6.3"," "," ","1.5","0.66"," "," "," "," "," "," "," "," "
"Methiocarb","2016","2032-65-7","90","50"," "," ","2.75"," "," "," "," "," "," "," "," "," "
"Methiozolin","2020","403640-27-7","650","140","645","74","1015","117","185"," ","1010","630","7","0.96"," "," "
"Methomyl","2020","16752-77-5","160","12","580","260","2.5","0.7","9.5","2.4"," "," "," "," "," "," "
"Methoprene","2016","40596-69-8","380","48"," "," ","165","51"," "," "," "," "," "," "," "," "
"Methoxychlor","2016","72-43-5","7.5"," "," "," ","0.7"," ","1.8"," "," "," "," "," "," "," "
"Methoxyfenozide","2019","161050-58-4","> 2100","530","1400","1500","28.5","3.1","600"," ","> 3400","3400"," "," "," "," "
"Methyl bromide degradate- bromide ion","2014","NR","8000000","7800"," "," ","2900000","7800"," "," ","2500000"," "," "," "," "," "
"Methyl Bromide","2014","74-83-9","1950"," "," "," ","1300"," "," "," ","2200"," "," "," "," "," "
"Methyl paraoxon"," ","950-35-6"," "," "," "," ","1.15","0.25"," ","1","15000","8000"," "," "," "," "
"Methyl parathion"," ","298-00-0","925","< 10"," "," ","0.485","0.25"," "," ","15000"," ","18000"," "," "," "
"Metofluthrin","2014","240494-70-6","0.6","0.71"," "," ","2.35"," "," "," "," "," "," "," "," "," "
"Metolachlor ethane sulfonic acid","2023","171118-09-5","24000"," "," "," ","> 54000"," "," "," ","> 99450","99450","43000","4000"," "," "
"Metolachlor oxanilic acid","2022","152019-73-3","> 46550"," "," "," ","7700"," "," "," ","57100","29300","> 95400","95400"," "," "
"Metolachlor","2023","51218-45-2","1600","30","3950","1000","11750","3200","800","130","8","1.5","14","4.4"," "," "
"Metrafenone degradate- CL 375816","2022","NR","49500"," "," "," ","> 51250"," "," "," ","> 101900","101900"," "," "," "," "
"Metrafenone degradate- CL 4084564","2022","NR","7900"," "," "," ","25450"," "," "," ","24000","9900"," "," "," "," "
"Metrafenone","2022","220899-03-6","> 255","204","175"," ","> 460","294","170","22","> 357","179","> 384","185"," "," "
"Metribuzin","2016","21087-64-9","21000","< 3000","42500"," ","2100","1290","20350"," ","8.1","2.3","130","18"," "," "
"Metsulfuron-methyl","2016","74223-64-6","> 75000","4500"," "," ","> 75000"," "," "," ","31","5","0.36","0.16"," "," "
"MGK-264","2023","113-48-4","700","8"," "," ","1150","20","193.5"," ","8"," "," "," "," "," "
"MIT/CMIT","2021","2682-20-4","35","20","180"," ","90","100","14"," ","23"," "," "," "," "," "
"Molinate","2023","2212-67-1","105","390","6500"," ","170","340","380","25.6","220","170","3300","840"," "," "
"Momfluorothrin","2016","609346-29-4","0.6","3.1"," "," ","3.9","3.1"," "," "," ","2500","> 2500","370"," "," "
"Monosodium Methane arsonate (MSMA)","2023","2163-80-6","> 500000","10000","161500"," ","38500","53000","80000"," ","5630"," ","104000"," "," "," "
"Myclobutanil degradate - 1,2,4-triazole acetic acid","2022","28711-29-7","> 50500"," "," "," ","> 54000"," "," "," "," "," "," "," "," "," "
"Myclobutanil degradate - 1,2,4-triazole","2022","288-88-0","249000","3200"," "," ","> 49050"," "," "," ","6300","3100"," "," "," "," "
"Myclobutanil","2023","88671-89-0","1200","220","2350"," ","5500","3900","120","85.6","122","3100","3150","619"," "," "
"Nabam degradate EU (ethylene urea)","2022","120-93-4","> 61000"," "," "," ","> 492500"," "," "," ","> 119000"," "," "," "," "," "
"Nabam","2022","142-59-6","1650"," ","10"," ","850"," ","85"," "," "," "," "," "," "," "
"Naled","2023","300-76-5","46","3.4","120","26","0.0575","0.01","3.3","0.84","24","4.2","> 1800","1800"," "," "
"Napropamide","2023","15299-99-7","6000","1100","7000"," ","12350","1100","700","190","2020"," ","350"," "," "," "
"Nicarbazin degradate HDP","2021","108-79-2","> 55000"," ","7000","1100","> 53500"," ","700","190","2020","311","350","70.7"," "," "
"Nicarbazin DNC","2021","587-90-6","> 34.5"," "," "," ","> 46.5"," "," "," "," "," "," "," "," "," "
"Niclosamide","2019","50-65-7","15"," "," "," ","17","56"," "," ","41"," ","630","106"," "," "
"Nicosulfuron","2016","111991-09-4","> 500000"," "," "," ","> 500000","43000"," "," "," "," "," "," "," "," "
"Nithiazine","2017","58842-20-9","58500"," "," "," ","16925"," "," "," "," "," "," "," "," "," "
"Nitrapyrin","2019","1929-82-4"," "," ","2140","1260","1100","103","165","160","1200","850","2870","995"," "," "
"Norflurazon","2023","27314-13-2","4050","770","4790"," ","> 7500","1000","1900","475","6.03","5.33","59","28"," "," "
"Novaluron degradate Chloroaniline","2021","NR","245","140"," "," "," ","64"," "," ","3300"," "," "," "," "," "
"Novaluron degradate Chlorphenyl urea","2021","NR","265","280"," "," ","955","170","145","18","320"," ","> 5300"," "," "," "
"Novaluron","2021","116714-46-6","> 480","6.16"," ","2.8","0.075","0.03","0.065","0.026","32000"," ","> 777"," "," "," "
"Octhilinone; 2-n- Octyl-4-isothiazoline-3-one (OIT)","2021","26530-20-1","23.5","32","800"," ","90","80","28.5"," ","0.61","0.143","280","61"," "," "
"Orthosulfamuron","2016","213464-77-8","> 61000","6100","61500"," ","> 48650","6500","48500","27000","80","21","0.7","0.26"," "," "
"Oryzalin","2016","19044-88-3","1440","220","1520","3040","750","358","142.5","99.4","52","13800","13","3280"," "," "
"Oxadiazon","2021","19666-30-9","600","0.88","750","1.1","> 1200","30","135","44","5.2"," ","41"," "," "," "
"Oxamyl","2016","23135-22-0","2100","500","1300","190","90","27","50","7","120","4.6","30000","10200"," "," "
"Oxathiapiprolin degradate IN-E8S72 (5-(Trifluoromethyl)-1H-pyrazole-3-carboxylic acid)","2016","129768-28-1","> 51000"," "," "," ","> 50000"," "," "," ","> 102000","102000"," "," "," "," "
"Oxathiapiprolin degradate IN-P3X26 (2-[1-[2-[5-Methyl-3-(trifluoromethyl)-1H-pyrazol-1-yl]acetyl]-4-piperidinyl]-4-thiazolecarboxylic acid)","2016","NR","> 33850"," ","33850"," ","> 33850"," ","33850"," ","> 66400","66400"," "," "," "," "
"Oxathiapiprolin degradate IN-Q7D41 (1-[4-[4-[5-(2,6-Difluorophenyl)-3-isoxazolyl]-2-thiazolyl]-1-piperidinyl]-2-[5-methyl-3- (trifluoromethyl)-1H-pyrazol-1-yl]ethanone)","2016","1148046-53-0","> 90"," "," "," ","> 75"," "," "," ","> 210","210"," "," "," "," "
"Oxathiapiprolin degradate IN-QFD61 (1-[4-(4-Acetyl-2-thiazolyl)-1-piperindyl]- 2-[5-methyl-3-(trifluoromethyl)-1H-pyrazol-1-yl]ethanone)","2016","1152179-07-1","> 3690"," "," "," ","2570"," "," "," ","> 7530","720"," "," "," "," "
"Oxathiapiprolin degradate IN-QPS10 (4-[4-[5-(2,6-Difluorophenyl)-4,5-dihydro-3-isoxazolyl)-2-thiazolyl]piperidine)","2016","1148104-71-5","3270"," "," "," ","7350"," "," "," ","810","480"," "," "," "," "
"Oxathiapiprolin degradate IN-RAB06 (1-[2-[4-[4-[5-(2,6-Difluorophenyl)-4,5-dihydro-3-isoxazolyl]-2-thiazolyl]-1-piperidinyl]-2-oxoethyl]- 3-(trifluoromethyl)-1H-pyrazole-5-carboxylic acid)","2016","NR","> 24850"," "," "," ","> 47650"," "," "," ","> 96900","96900"," "," "," "," "
"Oxathiapiprolin degradate IN-RDT31 (1-[4-[4-[5-(2,6-Difluorophenyl)-4,5-dihydro-3-isoxazolyl]-2-thiazolyl]-4-hydroxy-1- piperidinyl]-2-[5-methyl-3-(trifluoromethyl)-1H-pyrazol-1-yl]ethanone)","2016","1151573-12-4","> 5800"," "," "," ","> 5250"," "," "," ","> 11400","1070"," "," "," "," "
"Oxathiapiprolin degradate IN-RSE01 (3-(2,6-Difluorophenyl)-3-hydroxy-1-[2-[1-[2-[5-methyl-3-(trifluoromethyl)-1H-pyrazol-1-yl]acetyl]- 4-piperidinyl]-4-thiazolyl]-1-propanone)","2016","NR","> 4920"," "," "," ","> 5100"," "," "," ","> 10100"," "," "," "," "," "
"Oxathiapiprolin degradate IN-RYJ52 (1-[4-[4-[(1S,3S)-3-(2,6-Difluorophenyl)-1,3-dihydroxypropyl]-2-thiazolyl]-1-piperindyl]-2-[5- methyl-3-(trifluoromethyl)-1H-pyrazol-1-yl]ethanone)","2016","NR","> 6900"," "," "," ","> 8100"," "," "," ","> 15300","50"," "," "," "," "
"Oxathiapiprolin degradate IN-S2K66 (1-[4-[4-[3-(2,6-Difluorophenyl)-1-hydroxypropyl]-2-thiazolyl]-1-piperidinyl]-2-[5-methyl-3- (trifluoromethyl)-1H-pyrazol-1yl]ethanone)","2016","NR","> 3740"," "," "," ","210"," "," "," ","9210","4270"," "," "," "," "
"Oxathiapiprolin degradate IN-S2K67 (1-[4-[4-(1-Hydroxyethyl)-2-thiazolyl)-1-piperindyl]- 2-[5-methyl-3-(trifluoromethyl)-1H-pyrazol-1-yl]ethanone)","2016","NR","> 41250"," "," "," ","29600"," "," "," ","> 83500","280"," "," "," "," "
"Oxathiapiprolin","2016","1003318-67-9","> 345","460","325","230","> 280","750","165","58","> 140","140","> 790"," "," "," "
"Oxycarboxin","2022","5259-88-1","9950"," ","3550"," ","34550"," ","4300"," ","370","110","670","150"," "," "
"Oxydemeton-Methyl","2014","301-12-2","365","5"," "," ","95","46","600"," ","> 100000"," "," "," "," "," "
"Oxyfluorfen","2022","42874-03-3","100","1.3","5.5","4.09","750","13","15.85","8.1","1.1"," ","0.33"," "," "," "
"Oxypyrimidine (diazinon degradate)"," ","2814-20-2","> 50500"," "," "," ","> 51000"," "," "," ","> 109000"," "," "," "," "," "
"Oxytetracycline (hydrochloride salt)"," ","2058-46-0","> 47450"," "," "," ","> 51000"," "," "," "," "," "," "," "," "," "
"Oxytetracycline","2020","79-57-2","> 28200","8850","49800"," ","> 29700","13500","42750"," ","125","1200","3044","28.8"," "," "
"Paclobutrazol","2014","76738-62-0","7950","49","790","4","120","9","120","35","40800"," ","8","0.75"," "," "
"Paraformaldehyde","2025","30525-89-4","4675","620","1460"," ","160","63","980"," "," "," ","180","<100"," "," "
"Paraquat dichloride","2022","1910-42-5","2350","740","20500","1800","650","97","114","38","0.396","0.16","71","23"," "," "
"Pebulate"," ","1114-71-2","3150"," "," "," ","3315"," "," "," ","230"," ","1800"," "," "," "
"Pelargonic acid","2023","112-05-0","17500"," "," "," ","8500"," "," "," ","6020","450","> 100000","32000"," "," "
"Pendimethalin","2019","40487-42-1","69","6.3","355","10","140","14.5","105"," ","5.2","0.7","12.5","5.6"," "," "
"Penflufen","2024","494793-67-8","45","18.1","575"," ","> 2330","1530","650"," ","> 5100","520","> 4700","2400"," "," "
"Penoxsulam","2016","219714-96-2","> 51000","10200","64.5"," ","> 49150","2950","57000","8100","92","5","3","1"," "," "
"Pentachloroaniline (PCA)"," ","527-20-8","28"," "," "," ","150"," "," "," "," "," "," "," "," "," "
"Pentachlorobenzene (PCB)"," ","608-93-5","70"," "," "," ","80"," "," "," "," "," "," "," "," "," "
"Pentachloronitrobenzene (PCNB)"," ","82-68-8","50","13"," "," ","385","18"," "," "," "," "," "," "," "," "
"Pentachlorophenol (PCP)","2020","87-86-5","7.5","11"," "," ","46","6.9"," "," ","27"," ","240"," "," "," "
"Penthiopyrad","2016","183675-82-3","145","100","690.5"," ","1265.5","471","600"," ","51","35.6","> 1205","1205"," "," "
"Permethrin","2021","52645-53-1","0.395","0.052","1.1","0.143","0.0033","0.0042","0.009","0.0024","> 4.4","0.65","> 3.2","3.2"," "," "
"Pethoxamid","2021","106700-29-2","1200","722","1770","1066","10550","2800","1690","720","1.7","1.2","3.46","1.53"," "," "
"Phenmedipham","2020","13684-63-4","850","93"," "," ","940","5.06","110","0.59","149"," ","160","160"," "," "
"Phorate Degradate Phorate Sulfone","2021","NR"," "," "," "," ","0.2"," "," "," "," "," "," "," "," "," "
"Phorate Degradate Phorate Sulfoxide","2021","NR","11"," "," "," ","2"," "," "," "," "," "," "," "," "," "
"Phorate","2021","298-02-2","1.17","0.34","0.18","0.026","0.3","0.21","0.055","0.0017","1300"," ","9000","9000"," "," "
"Phosmet degradate phosmet oxon","2021","NR"," "," "," "," ","0.585"," "," "," "," "," "," "," "," "," "
"Phosmet","2023","732-11-6","35","1","85","0.02","4.32","0.75","0.8","0.37","140","4","> 1800","1800"," "," "
"Picarbutrazox","2021","500207-04-5","> 145","76","130","77","> 140","130","140","17.6","> 271"," ","> 314"," "," "," "
"Picaridin","2015","119515-38-7","86500"," "," "," ","> 51500"," "," "," ","83000"," "," "," "," "," "
"Picloram acid","2015","1918-02-1","2750","550"," "," ","17200","11800"," "," ","34900","18000"," "," "," "," "
"Picloram Potassium Salt","2023","2545-60-0","2750","550","56500"," ","17200","11800","54000"," ","3200","840","82300","43500"," "," "
"Picloram TIPA Salt","2023","6753-47-5","2750","550","15800","3160","17200","11800","85500","37200","950"," ","2610","130"," "," "
"Picoxystrobin","2023","117428-22-5","32.5","36","165","21","12","1","2.85","3.6","4","2.3","210","20"," "," "
"Pinoxaden (NOA 407854)","2016","NR","> 51500","> 960"," "," ","> 50500","5800"," "," ","102000","102000","4300","500"," "," "
"Pinoxaden (NOA 447204)","2016","NR","> 60000"," "," "," ","> 60000"," "," "," ","97000","14000","> 93500","49200"," "," "
"Pinoxaden","2023","243973-20-8","6150","> 960","8000"," ","3000","5800","160"," ","35","3.7","2900","731"," "," "
"Piperalin","2015","3478-94-2","385"," "," "," ","945"," "," "," "," "," "," "," "," "," "
"Piperonyl Butoxide","2022","51-03-6","1450","7.8","1970","53","21.1","30","245","2.1","1210","780","6630","1800"," "," "
"Pirimicarb"," ","23103-98-2","14500"," "," "," ","9.5"," "," "," "," "," "," "," "," "," "
"Pirimiphos-methyl","2018","29232-93-7","200"," "," "," ","0.055"," "," "," "," "," "," "," "," "," "
"Polixetonium Chloride","2023","31512-74-0","23.5","19","180000"," ","140","15","105"," ","83","44","1100","330"," "," "
"Polymeric Betaine","2023","214710-34-6","445"," "," "," ","195"," "," "," "," "," "," "," "," "," "
"Potassium Salts of Fatty Acids","2016","NR","4595"," ","2200","3900","285","500","600","1050","590","390","> 5000","590"," "," "
"Prallethrin","2016","23031-36-9","6","3","13"," ","3.1","0.65","320"," "," "," ","> 1.324","1.324"," "," "
"Primisulfuron-methyl","2018","86209-51-0","10500","11000","50000"," ","> 50000","410","8000"," ","98"," ","0.8"," "," "," "
"Prodiamine","2016","29091-21-2","> 6.5"," ","6.5"," ","> 6.5","1.5","6.5"," "," "," "," "," "," "," "
"Profenofos"," ","41198-08-7","7.05","2","3.85"," ","0.465","0.2","1.2","0.22"," "," "," "," "," "," "
"Prohexadione Calcium","2014","127277-53-6","> 47300"," ","61000"," ","> 50000","12500","58500"," ","> 1100","1100","> 1200","120"," "," "
"Prometon","2022","1610-18-0","9800","6530","23650","15800","12850","3450","8850","2370","98","32","160","47"," "," "
"Prometryn","2014","7287-19-6","1455","620","2570"," ","4850","1000","1160"," ","1.04","0.288","11.9","3.99"," "," "
"Propachlor"," ","1918-16-7","85"," "," "," ","395"," "," "," ","13.5"," "," "," "," "," "
"Propamocarb HCl","2019","25606-41-1","> 49500","6300","48400"," ","> 51700","9300","19600"," ","> 170000","71000","172000"," "," "," "
"Propanil degradate - 3,4-Dichloroaniline (3,4-DCA)","2022","95-76-1"," "," "," "," ","19.5","10"," "," "," "," "," "," "," "," "
"Propanil","2022","709-98-8","1150","2.4","2300"," ","265","86","200","5.1","16","6.3","110","20"," "," "
"Propargite","2021","2312-35-8","22","16","27.5"," ","7","9","40.5","0.46","19.4","1.27","75","28"," "," "
"Propazine","2022","139-40-2","2500","560","1935","1340","> 2660","47","2100","266","24.8","6.5","100","22"," "," "
"Propetamphos"," ","31218-83-4","94"," "," "," ","1.65"," "," "," "," "," "," "," "," "," "
"Propiconazole","2021","60207-90-1","425","15","1112","40","2400","180","255","205","21"," ","3500"," "," "," "
"Propionic Acid","2024","79-09-4","25500"," "," "," ","11350"," "," "," ","42900"," "," "," "," "," "
"Propoxur"," ","114-26-1","1850"," ","500"," ","5.5"," ","20.5"," "," "," "," "," "," "," "
"Propylene Glycol Monolaurate","2023","27194-74-7","2400"," "," "," ","260"," "," "," ","1990","440"," "," "," "," "
"Propylene Oxide","2022","75-56-9","42000"," ","44500"," ","68500"," ","245000"," ","> 860","860","> 870","870"," "," "
"Propyzamide","2023","23950-58-5","5300","224","3845"," ","> 2800","600","1750","380","760","260","1180","560"," "," "
"Prosulfuron","2023","94125-34-5","> 77500","140000","77500"," ","> 60000","140000","75000"," ","10.6"," ","1.22"," "," "," "
"Prothioconazole Degradate Prothioconazole-desthio","2023","120983-64-4"," ","148","5100","145"," ","103","30","64","4.8","1.3","35","5.8"," "," "
"Prothioconazole Degradate Prothioconazole-S-methyl","2021","178928-71-7","890"," "," "," "," "," ","260"," "," "," "," "," "," "," "
"Prothioconazole","2023","178928-70-6","854.5","163","5610","145","600","113","33","70","5.3","1.5","39","6.4"," "," "
"Pymetrozine","2023","123312-89-0","> 64000","11700","58500"," ","43500","25","1525"," ","17000","6280","> 109000","49000"," "," "
"Pyraclonil","2024","158353-15-2","600","12","1050","200","8900","350","250","190","4.1","0.96","3.5","1.1"," "," "
"Pyraclostrobin degradate BF 500-11","2023","NR","> 49550"," "," "," ","> 50000"," "," "," ","1000000"," "," "," "," "," "
"Pyraclostrobin degradate BF 500-13","2023","NR","37500"," "," "," ","> 50000"," "," "," ","66000"," "," "," "," "," "
"Pyraclostrobin degradate BF 500-14","2023","NR","28500"," "," "," ","> 30900"," "," "," ","46600"," "," "," "," "," "
"Pyraclostrobin","2023","175013-18-0","3.1","2.35","38.45","10.8","7.85","4","2.08"," ","1.5","1.18","1197","531"," "," "
"Pyraflufen-ethyl degradate E-1","2015","129630-17-7","45000","10000","49500"," ","> 60500","99000","4700"," "," "," "," "," "," "," "
"Pyraflufen-ethyl","2023","129630-19-9","> 42.5","0.89","28"," ","> 41","81","21.5"," ","1.5","0.05","16","2.4"," "," "
"Pyrasulfotole","2023","365400-11-9","> 48000","580","50000"," ","> 47900","12800","550"," ","8300","2530","28","9570"," "," "
"Pyrethrins","2021","8003-34-7","2.55","1.9","8","0.7","0.38","0.04","0.7","0.25","105","29","1230","480"," "," "
"Pyridaben","2023","96489-71-3","0.36","0.087","8.6","2.1","0.265","0.044","0.335","0.13","> 665","20.8","> 16.2","16.2"," "," "
"Pyridalyl","2023","179101-81-6","250","49","17000"," ","2.1","1.4","0.5","0.45","> 120","120"," "," "," "," "
"Pyridate","2023","55512-33-9","> 190","192"," "," ","10.5","28","330"," ","26.8","8.43","> 1500","1500"," "," "
"Pyrifluquinazon degradate ""IV-15""","2020","NR"," "," "," "," ","95"," "," "," "," "," "," "," "," "," "
"Pyrifluquinazon degradate ""IV-27""","2020","NR"," "," "," "," ","965"," "," "," "," "," "," "," "," "," "
"Pyrifluquinazon degradate ""IV-28""","2020","NR"," "," "," "," ","47"," "," "," "," "," "," "," "," "," "
"Pyrifluquinazon degradate IV-01 (1,2,3,4-tetrahydro-3-[(3-pyridylmethyl)amino]-6-[1,2,2,2-tetrafluoro-1-(trifluoromethyl)ethyl]quinazolin-2-one)","2020","NR"," "," "," "," ","0.7"," "," "," "," "," "," "," "," "," "
"Pyrifluquinazon degradate IV-02 (1,2,3,4-tetrahydro-3-[(3-pyridylmethyl)amino]-6-[1,2,2,2-tetrafluoro-1-(trifluoromethylene)ethyl]quinazolin-2-one)","2020","NR"," "," "," "," ","0.55"," "," "," "," "," "," "," "," "," "
"Pyrifluquinazon degradate IV-203 (1,2,3,4-tetrahydro-6-[1,2,2,2-tetrafluoro-1-(trifluoromethyl)ethyl]quinazolin-2,4-dione)","2020","NR"," "," "," "," ","> 395"," "," "," "," "," "," "," "," "," "
"Pyrifluquinazon","2020","337458-27-2","1950","310","2800","310","1.4","2.6","1045","2","2780","2780","14600","3000"," "," "
"Pyrimethanil Degradate 2-amino-4,6-dimethylpyrimidine","2025","767-15-7","> 48500"," "," "," ","> 49000"," "," "," "," "," "," "," "," "," "
"Pyrimethanil","2025","219714-96-2","5050","20","1400","19","1500","1000","1700","250","1800","300","7800","800"," "," "
"Pyriofenone","2018","688046-61-9","> 575","403","635","290",">","89.2","396","32","> 1660","56","> 1570","1570"," "," "
"Pyriproxyfen","2016","95737-68-1","> 165","4.3","215"," ","200","0.015","32.5","0.81","56","20","> 0.18"," "," "," "
"Pyroxasulfone","2022","447399-55-5","> 1100","2000","1650"," ","> 2200","> 1900","700"," ","0.38"," ","6"," "," "," "
"Pyroxsulam"," ","422556-08-9","> 43500","10100"," "," ","> 49500","10400"," "," ","111","26.1","2.57","0.68"," "," "
"Quinclorac","2016","84087-01-4","15150","16000","47200"," ","> 50000","110000","34700"," ","> 500","500","> 500","500"," "," "
"Quinoxyfen degradate ""2-Oxo-quinoxyfen""","2019","878790-59-1"," "," "," "," ","> 250"," "," "," "," "," "," "," "," "," "
"Quinoxyfen degradate ""DCHQ""","2019","171850-29-6"," "," "," "," ","> 250"," "," "," ","> 500"," "," "," "," "," "
"Quinoxyfen","2019","124495-18-7","135","13","84","4.1","41.5","27.8","36","1.2","30","17.7","> 35","35"," "," "
"Quizalofop ethyl","2016","76578-14-8","230","11","700"," ","1060"," ","75"," ","> 1770"," ","> 82.8","82.8"," "," "
"Quizalofop-p-ethyl","2015","100646-51-3","360","10","0.36","0.083","175","26600","0.075","0.34","41000"," ","34.5"," "," "," "
"Resmethrin","2016","10453-86-8","0.14","0.32","0.81","1.9","1.55"," ","0.115"," "," "," "," "," "," "," "
"Rimsulfuron","2016","122931-48-0","> 195000"," ","55"," ","> 195000"," ","55"," ","> 29"," ","11.6"," "," "," "
"Rotenone","2022","83-79-4","0.97","1.01"," "," ","1.85","1.25","6"," "," "," "," "," "," "," "
"S-Metolachlor","2023","87392-12-9","1600","30","3950","1000","11750","3200","800","130","8"," ","14"," "," "," "
"Sabadilla Alkaloids","2023","8051-02-3","44.5"," "," "," "," "," "," "," "," "," "," "," "," "," "
"Saflufenacil","2021","372137-35-4","> 54000","997","49000"," ","6800","1330","3040"," ","42","20","87","10"," "," "
"Sethoxydim","2015","74051-80-2","85000","4860","72900","98000","39050"," ","54500","15100","> 250","250","210","93"," "," "
"Siduron","2016","1982-49-6","4050","15","6150","23","> 6850","6","3250","4.6","220"," ","21"," "," "," "
"Simazine","2023","122-34-9","3200","60","2095","628","500","40","497.5","63","6"," ","67","58"," "," "
"Sodium Acifluorfen","2023","62476-59-9","8500","< 3400","19500"," ","14050"," ","1900"," ","> 355000","265000","378000","18000"," "," "
"Sodium Arsenite","2016","7784-46-5","> 12800"," "," "," ","2445","370"," "," "," "," "," "," "," "," "
"Sodium Chlorate","2023","7775-09-9","> 500000"," ","500000"," ","460000","500000","500000"," ","810"," ","133000"," "," "," "
"Sodium cyanide","2022","143-33-9","94"," "," "," "," "," "," "," "," "," "," "," "," "," "
"Sodium fluoroacetate","2022","62-74-8","27000"," "," "," ","175300"," "," "," "," "," "," "," "," "," "
"Sodium percarbonate","2023","15630-89-4","75000","110000"," "," ","6000","6900"," "," "," "," "," "," "," "," "
"Sodium Pyrithione","2021","15922-78-8","4050"," "," "," ","11"," "," "," "," "," "," "," "," "," "
"Sodium tetrathiocarbonate degradate carbon disulfide"," ","75-15-0","435"," "," "," ","430"," "," "," ","520"," "," "," "," "," "
"Sodium Tetrathiocarbonate"," ","7345-69-9","3350"," "," "," ","3300"," "," "," ","17000","9980"," "," "," "," "
"Spinosad"," ","168316-95-8","2970","498","3935","1150","7000","0.6","150","84.2","90","50","10600"," "," "," "
"Spirodiclofen degradate - BAJ 2740-enol","2022","148476-22-6","> 36500","115"," ","190","> 50000","32000"," ","3000","66300"," "," "," "," "," "
"Spirodiclofen","2022","148477-71-8","> 17.5","1.95","17.6"," ","> 22.75","11","18.5"," ","> 60","60","> 63.8","63.8"," "," "
"Spiromesifen Degradate Spiromesifen-enol","2021","148476-30-6","51000","9200"," "," ","> 50500","186","13"," ","> 16.2"," "," "," "," "," "
"Spiromesifen","2021","283594-90-1","8.4","4.73","23.15","10.6","> 46.15","0.25","38","11","> 33.2"," ","> 101.3"," "," "," "
"Spirotetramat enol degradate","2016","NR","> 50000"," "," "," ","37450"," "," "," ","> 100000","31000","5400","950"," "," "
"Spirotetramat keto hydroxy degradate","2016","NR"," "," "," "," ","> 50000"," "," "," "," "," "," "," "," "," "
"Spirotetramat","2021","203313-25-1","705","534","980"," ","330","100","425"," ","360","124","4490","1540"," "," "
"Streptomycin Sulfate","2020","3810-74-0","> 90000","14400"," "," ","21000","12200"," "," ","7"," ","> 1000","1000"," "," "
"Strychnine","2021","57-24-9","380J"," "," "," ","5300J"," "," "," "," "," "," "," "," "," "
"Sulfentrazone","2023","122836-35-5","46900","2950","57000"," ","30200","200","500"," ","31","16","28.8","19"," "," "
"Sulfometuron-methyl","2023","74222-97-2","> 74000"," ","22500"," ","> 75000","97000","19100"," ","4.3","0.63","0.45","0.207"," "," "
"Sulfosulfuron","2023","141776-32-1","> 46800","100000","50500","8780","> 47300","102000","53000","5730","310","93","1","0.49"," "," "
"Sulfoxaflor degradate- N-(methyl(oxido){1-[6-(trifluoromethyl) pyridin-3-yl]ethyl}-λ4-sulfanylidene) urea","2023","NR","> 239000"," "," "," ","> 102500"," "," "," "," "," "," "," "," "," "
"Sulfoxaflor","2023","946578-00-3","> 181500","660","133000","1200","> 100000","50500","320","110","81200","3540","> 99000","99000"," "," "
"Sumithrin (synonym: d-phenothrin)","2016","26002-80-2","7.9","1.1","19.15"," ","2.2","0.47","0.0125","0.0026"," "," "," "," "," "," "
"Tau-Fluvalinate","2016","102851-06-9","0.175","0.064","0.85","0.036","0.47","0.1","0.003"," "," "," "," "," "," "," "
"TCMTB (2-(Thiocyanomethylthio)benzothiazole) degradate 2-MBT","2023","149-30-4","365","310"," "," ","1450"," ","810"," "," "," "," "," "," "," "
"TCMTB (2-(Thiocyanomethylthio)benzothiazole)","2023","21564-17-0","4.35","0.15","30","1.02","11"," ","10.15"," ","2.7","1.5","430","150"," "," "
"Tebuconazole","2022","107534-96-3","1135","11","2950","19","1440","120","245","35","170","50","151","34"," "," "
"Tebufenozide","2016","112410-23-8","1500","51.1","360","550","1900","29","252.5","22","> 740"," ","> 940"," "," "," "
"Tebupirimphos"," ","96182-53-5","44.5","130","18"," ","0.039","0.011","3.315","0.118","630","240","8800","1840"," "," "
"Tebuthiuron","2015","34014-18-1","53000","9300","49000","18000","148500","21800","31150","4560","50","13","130","50"," "," "
"Tefluthrin","2013","79538-32-2","0.03","0.004","0.065"," ","0.035","0.008","0.0265"," "," "," "," "," "," "," "
"Telone (1,3-D) Degradate 3-chloroacrylic acid","2021","NR","34750","> 9910"," "," ","27500","2530"," "," ","432","181","220","23"," "," "
"Telone (1,3-D) Degradate 3-chloroallyl alcohol","2021","NR","493"," "," "," ","1150"," "," "," ","248","71","1699.4","42"," "," "
"Telone","2021","542-75-6","540","2.3","435","1.8","45","70","320"," ","7900","2700","20000","1200"," "," "
"Tembotrione","2021","335104-84-2","> 50000","604","50000"," ","24450","6.41","50","6","310","200","5.2","200"," "," "
"Temephos","2016","3383-96-8","1745"," "," "," ","5"," ","2.65"," "," "," "," "," "," "," "
"Terbacil","2022","5902-51-2","23100","1200","54250","2818","32500","50","2075","43","11","7.1","140","65"," "," "
"Terbufos","2023","13071-79-9","0.385","0.1","0.8","0.14","0.085","0.03","0.11","0.041","> 1850","399","> 4200","280"," "," "
"Terbuthylazine","2023","5915-41-3","1800"," "," "," ","19700"," ","46"," "," "," "," "," "," "," "
"Tetrachlorvinphos","2023","961-11-5","265","47","500"," ","0.95","0.125","140"," ","3200","594","> 4625","1158"," "," "
"Tetraconazole","2023","112281-77-3","1925","80","1700","120","1315","190","220","87","2280"," ","310"," "," "," "
"Tetramethrin","2023","7696-12-0","1.85"," "," "," "," "," "," "," "," "," "," "," "," "," "
"Tetraniliprole degradate BCS-CL73507--N-methyl-quinazolinone-amide (BCS-CT30672)","2021","NR"," "," "," "," ","> 1120"," "," "," "," "," "," "," "," "," "
"Tetraniliprole degradate BCS-CL73507-amide (BCS-CR60014)","2023","NR"," "," "," "," ","> 4950"," "," "," ","> 7950","7950"," "," "," "," "
"Tetraniliprole degradate BCS-CL73507-deschloro-pyrazine (BCS-CY28897)","2021","NR"," "," "," "," ","> 4870"," "," "," "," "," "," "," "," "," "
"Tetraniliprole degradate BCS-CL73507-desmethyl-amide-carboxylic-acid (BCS-CU81055)","2023","NR"," "," "," "," ","> 5300"," "," "," ","> 7951","7951"," "," "," "," "
"Tetraniliprole degradate BCS-CL73507-N-methyl-quinazolinone-carboxylic acid (BCS-CT30673)","2023","NR"," "," "," "," ","> 4520"," "," "," ","> 8000","1030"," "," "," "," "
"Tetraniliprole degradate BCS-CL73507-pyrazole-5-carboxylic acid (BCS-CY28906)","2021","NR"," "," "," "," ","> 1310"," "," "," "," "," "," "," "," "," "
"Tetraniliprole degradate BCS-CL75307-deschloro-oxazine (BCS-CY28900)","2021","NR"," "," "," "," ","> 550"," "," "," "," "," "," "," "," "," "
"Tetraniliprole degradate BCS-CQ63359 (Tetraniliprole quinazolinone)","2021","NR"," "," "," "," ","426"," "," "," "," "," "," "," "," "," "
"Tetraniliprole degrade BCS-CL73507-carboxylic acid (BCS-CR74541)","2023","NR"," "," "," "," ","> 4500"," "," "," ","> 8910","583"," "," "," "," "
"Tetraniliprole","2023","1229654-66-3","> 5450","646","4545","4210","71.5","12.5","870","580","910","580","11300","2080"," "," "
"Thiabendazole","2020","148-79-8","280","110","5000"," ","155","42","170","46","1420","390","2320","260"," "," "
"Thiacloprid amide","2016","NR","> 39300"," "," "," ","15600","100"," "," "," "," "," "," "," "," "
"Thiacloprid sulfonic acid","2016","NR","> 47550"," "," "," ","> 48050"," "," "," ","> 100000","100000"," "," "," "," "
"Thiacloprid","2016","111988-49-9","12600","918","9850","598","18.9","0.97","15.65","1.1","45000","16800","> 95400","46800"," "," "
"Thiamethoxam","2017","153719-23-4","> 57000","20000","55500","1700","17.5","0.74","3450","1100","> 99000","12000","> 90200","22000"," "," "
"Thiencarbazone-methyl","2021","317815-83-1","> 52000","4800","53000"," ","> 49300","3540","47000","5900","298","31","0.8","0.21"," "," "
"Thifensulfuron-methyl","2015","NR","> 50000"," "," "," ","> 500000"," "," "," ","> 17.3","26.3","1.59","1.59"," "," "
"Thiobencarb","2015","28249-77-6","280"," ","330","150","50","1","75","3.2","17","13","770","140"," "," "
"Thiodicarb","2020","59669-26-0","750","73","580","260","3.395","0.7","117","29.1","43100","3690","182000","29800"," "," "
"Thiophanate methyl degradate Carbendazim (HOE 017411)","2023","10605-21-7","3.7","0.99","580"," ","55","3.1","49","24.8","> 4580","4580","4700","4700"," "," "
"Thiophanate methyl","2023","23564-05-8","5500"," ","20000"," ","2700"," ","550"," ","930","430","> 4700","110"," "," "
"Thiram","2022","137-26-8","21","1.1","270","0.93","105","20","5.5","1","140"," ","1600"," "," "," "
"Tiafenacil","2021","1220411-29-9","> 37800","16"," "," ","> 37750","605","325","86","5","1","6","3"," "," "
"Tioxazafen degradate 3-Theinyl 102100 (MON 102130)","2018","NR","18.5"," "," ","535","415"," ","415","44","7214","123","711.4","124"," "," "
"Tioxazafen","2018","330459-31-9","45.5","9.4","42","42","> 600","5.9","91.5","44","125","473","> 954","37"," "," "
"Tolclofos-methyl degradate- O-methyl O-(2,6-dichloro-4-methylphenyl)hydrogen phosphorothioate(DM-TM)","2014","NR","> 55000","< 110000"," "," ","> 47500","> 95000"," ","2100","> 97000","12000"," "," "," "," "
"Tolclofos-methyl","2016","57018-04-9","345","< 12","186"," ","1200","26","105","3.9","780","32"," "," "," "," "
"Tolfenpyrad degradate PAM","2015","NR","> 5000"," ","1690","186"," "," ","3900","2300"," "," "," "," "," "," "
"Tolfenpyrad degradate PC-TA","2015","NR","470"," "," "," "," "," "," "," "," "," "," "," "," "," "
"Tolfenpyrad degradate PCA (4-chloro-3-ethyl-1-methylpyrazole-5-carboxylic acid)","2015","127892-62-0","> 4850"," "," "," "," "," "," "," "," "," "," "," "," "," "
"Tolfenpyrad degradate PT(A)-4OH (4-chloro-3-ethyl-N-(4-hydroxybenzyl-1-methylpyrazole-5carboxamide)","2015","NR","1550"," "," "," "," "," "," "," "," "," "," "," "," "," "
"Tolfenpyrad degradate PT-CA (4-[4-[4-chloro-3-ethyl-1-methylpyrazol-5-yl)carbonylaminomethyl]phenoxy]benzoic acid)","2015","NR","320"," "," "," "," "," "," "," "," "," "," "," "," "," "
"Tolfenpyrad","2021","129558-76-5","0.0815","0.188","1.69","0.186","0.5","0.244","6","2.3","> 10"," ","> 30"," "," "," "
"Tolpyralate degradate MMTA","2023","NR","> 50500"," "," "," ","> 50500"," "," "," ","37100","3060","> 98900","98900"," "," "
"Tolpyralate degradate MT-2153","2023","NR","> 53500"," "," "," ","> 52000"," "," "," ","2400","0.904","2.14","0.481"," "," "
"Tolpyralate","2023","1101132-67-5","> 9500","303","5800"," ","> 9750","8960","336"," ","232","191","6.67","0.99"," "," "
"Topramezone primary degradate (M670H05)","2023","NR","52650"," "," "," ","> 50000"," "," "," "," "," ","360","6.7"," "," "
"Topramezone","2023","210631-68-8","> 14190","< 248","18500","10000","> 14850","29000","900","36","19000","3000","28.6","1"," "," "
"Tralkoxydim","2023","87820-88-0","> 3750"," "," "," ","> 87500","2100"," "," ","7700","5100","2600","580"," "," "
"Tralomethrin","2016","66841-25-6","0.8","0.088","1.25"," ","0.0195","0.0044","0.4225","0.00051"," "," "," "," "," "," "
"Transfluthrin","2024","118712-89-3","0.355","0.39"," "," ","0.65","0.0357"," "," ","83","31"," "," "," "," "
"Triadimefon degradate triadimenol","2023","55219-65-3","7000"," "," "," ","1250","1340"," "," ","3200","320"," "," "," "," "
"Triadimefon","2023","43121-43-3","2050","41","3150","26","800","52","1950","76","1710","100","1100"," "," "," "
"Triallate","2022","2303-17-5","600","38","450","99","45.5","14","105","2.3","21"," ","2400"," "," "," "
"Triasulfuron","2016","82097-50-5","> 50000","68600","50000","14000","> 50000","105000","10750","13000","1700","35","190","0.1"," "," "
"Triazine DACT degradate","2016","NR","> 50000"," "," "," ","> 50000"," "," "," "," "," "," "," "," "," "
"Triazine DEA degradate","2016","NR"," "," "," "," "," "," "," "," ","1000"," "," "," "," "," "
"Triazine DIA degradate","2016","NR","8500"," "," "," ","63000"," "," "," ","2500"," "," "," "," "," "
"Triazine HA degradate"," ","2163-68-0","> 1500"," ","950"," ","> 2050"," ","1000"," ","> 10000"," "," "," "," "," "
"Tribenuron-methyl","2016","101200-48-0","> 50000","11800","66000"," ","360000","< 28000","67500","1510","22","4300","2","750"," "," "
"Tribufos","2016","78-48-8","141.5","4.1","383.5","11","2.7","1.56","5.765","0.26","148"," ","1100","118"," "," "
"Trichlorfon","2021","52-68-6","58.5","6.1","160","41.7","0.0389","0.0057","9.55","1.48","16300"," ","70600"," "," "," "
"Triclopyr Acid","2022","55335-06-3","58500"," "," "," ","66500"," "," "," ","32500"," "," ","160"," "," "
"Triclopyr Butoxyethyl Ester (BEE)","2022","64700-56-7","180","26","225","18","175","170","1.24","10.9","100","2","880","160"," "," "
"Triclopyr degradate TCP","2022","6515-38-4","6300","178","29200"," ","5200","58","4650"," ","2000","353","8200","1020"," "," "
"Triclopyr Triethylamine salt (TEA)","2022","57213-69-1","86000","74400","46500"," ","277000","57700","20750"," ","4200","1400","6300","5900"," "," "
"Trifloxystrobin degradate CGA-321113","2023","NR","> 53000"," "," "," ","> 47650","3200"," "," ","77100","15700"," "," "," "," "
"Trifloxystrobin","2023","141517-21-7","7.15","4.3","39"," ","12.65","2.76","4.31"," ","37.1","10.5","> 1930","410"," "," "
"Trifloxysulfuron-Sodium (CGA-362622)","2023","290332-10-4","> 51500","9520","51500"," ","> 54000","549","30050","9160","6.5","1.13","0.24","0.01024"," "," "
"Trifloxysulfuron-Sodium degradate- CGA 382997","2014","NR","> 48350"," "," "," ","> 49750"," "," "," ","> 95850"," "," "," "," "," "
"Trifloxysulfuron-Sodium degradate- CGA-368732","2014","NR","> 52000"," "," "," ","> 59500"," "," "," ","23000","6800"," "," "," "," "
"Trifludimoxazin Degradate M850H001","2021","NR","> 4855"," "," "," ","> 4775"," "," "," ","7.35","0.965","3.78","0.813"," "," "
"Trifludimoxazin Degradate M850H002","2021","NR"," "," "," "," ","> 2940"," "," "," ","2.69","0.5","21.8","3.1"," "," "
"Trifludimoxazin Degradate M850H004","2021","NR"," "," "," "," ","> 1096.5"," "," "," ","8.31","4.02","14.6","0.5"," "," "
"Trifludimoxazin","2021","1258836-72-4","> 294","12","1450","2.7","> 975","10.07","185.5","52.5","0.2","0.068","0.115","0.0143"," "," "
"Triflumizole","2023","68694-11-1","290","33","700","120","695","67","300","87","140","0.032","720","32"," "," "
"Trifluralin","2023","1582-09-8","9.25","1.9"," ","1.3","125.5","2.4","319.25"," ","21.9","14","49.7","2.53"," "," "
"Trinexapac-ethyl","2023","95266-40-3","17500","410","90000","410","> 72750","2400","3250"," ","350","110","190","18"," "," "
"Triphenyltin Hydroxide (TPTH)","2023","76-87-9","3.55","0.065","12.75","4.4","5","3.03","2.15","0.28","14","0.82","8.3","0.074"," "," "
"Triptolide","2017","38748-32-2","180"," "," "," "," "," "," "," "," "," "," "," "," "," "
"Triticonazole","2023","131983-72-7","> 1150","12","2850","122","3800","110","1750","25","350","33","1400","330"," "," "
"Undecylenic Acid","2023","112-38-9","6500","2000","19800","13900","6500","2000","4300","432","39"," "," "," "," "," "
"Urea sulfate"," ","21351-39-3","40000"," "," "," "," "," "," "," ","11500"," "," "," "," "," "
"Valifenalate degradate ""p-chlorobenzoic acid""","2020","74-11-3","> 55500"," ","7800"," ","> 55500"," ","1400","1900","> 84000","84000"," "," "," "," "
"Valifenalate degradate ""Valifenalate acid""","2020","NR","> 48050"," "," "," ","> 52000"," "," "," ","> 84000"," "," "," "," "," "
"Valifenalate","2020","283159-90-0","> 18450","11000","7800"," ","> 45500","< 500","1400"," ","> 5460","106","> 5050","5050"," "," "
"Veratrine","2025","8051-02-3","800","65"," "," ","105","85"," "," ","> 800","300","1200","110"," "," "
"Vinclozolin","2016","50471-44-8","1420","60"," "," ","2000","790"," "," ","< 1060"," ","> 900"," "," "," "
"Warfarin","2023","81-81-2","> 8000"," "," "," ","> 8500"," "," "," "," "," "," "," "," "," "
"Zeta-cypermetherin"," ","NR","0.195","0.14","0.475"," ","0.0018","0.00059","0.002375","0.000781"," "," "," "," "," "," "
"Zinc Pyrithione","2021","13463-41-7","1.3","1.2","200"," ","4.1","2.7","2.35","2.2","0.65"," ","8.8"," "," "," "
"Ziram","2021","137-30-4","26.5","1.4","345","1.2","24","25","7","1.3","67"," ","370"," "," "," "
"Zoxamide","2015","156052-68-5","78","3.48","430","40","> 390","39","38","7.2","10","7","19","9"," "," "